date,signal,value
1985-04-30,DXY_3M_CHG,-1.9774778996344944
1985-05-31,DXY_3M_CHG,-7.82370348809004
1985-06-30,DXY_3M_CHG,-2.051211763526606
1985-07-31,DXY_3M_CHG,-8.309955040084137
1985-08-31,DXY_3M_CHG,-6.533209537558382
1985-09-30,DXY_3M_CHG,-9.581166484964687
1985-10-31,DXY_3M_CHG,-5.73364085104604
1985-11-30,DXY_3M_CHG,-9.558610257726707
1985-12-31,DXY_3M_CHG,-6.554644529795528
1986-01-31,DXY_3M_CHG,-6.082388734605448
1986-02-28,DXY_3M_CHG,-7.928631252171114
1986-03-31,DXY_3M_CHG,-4.4872841054670705
1986-04-30,DXY_3M_CHG,-8.023370860219902
1986-05-31,DXY_3M_CHG,2.111574788418258
1986-06-30,DXY_3M_CHG,-5.351083494381803
1986-07-31,DXY_3M_CHG,-3.337206620351496
1986-08-31,DXY_3M_CHG,-9.42898615405483
1986-09-30,DXY_3M_CHG,-4.363410733760331
1986-10-31,DXY_3M_CHG,1.1384632701926245
1986-11-30,DXY_3M_CHG,-0.47919020461155704
1986-12-31,DXY_3M_CHG,-2.9604610230064776
1987-01-31,DXY_3M_CHG,-8.611692433242101
1987-02-28,DXY_3M_CHG,-6.287760713601942
1987-03-31,DXY_3M_CHG,-6.24638067805413
1987-04-30,DXY_3M_CHG,-3.925493836356908
1987-05-31,DXY_3M_CHG,-1.5011137024952936
1987-06-30,DXY_3M_CHG,1.0503518037849435
1987-07-31,DXY_3M_CHG,4.012923052063111
1987-08-31,DXY_3M_CHG,-0.4602607790660129
1987-09-30,DXY_3M_CHG,0.448387296159769
1987-10-31,DXY_3M_CHG,-6.152920466295986
1987-11-30,DXY_3M_CHG,-8.3949837593144
1987-12-31,DXY_3M_CHG,-13.34077464400093
1988-01-31,DXY_3M_CHG,-3.5344422146897703
1988-02-29,DXY_3M_CHG,1.5479497810410914
1988-03-31,DXY_3M_CHG,3.3715815318988485
1988-04-30,DXY_3M_CHG,-1.3061686114839155
1988-05-31,DXY_3M_CHG,0.6185767879650195
1988-06-30,DXY_3M_CHG,8.052095543172255
1988-07-31,DXY_3M_CHG,9.387611903771731
1988-08-31,DXY_3M_CHG,8.046988830545864
1988-09-30,DXY_3M_CHG,2.389685244506845
1988-10-31,DXY_3M_CHG,-3.8654738954704726
1988-11-30,DXY_3M_CHG,-8.016662808817243
1988-12-31,DXY_3M_CHG,-5.312726288976355
1989-01-31,DXY_3M_CHG,3.2103183001878532
1989-02-28,DXY_3M_CHG,4.827132227446129
1989-03-31,DXY_3M_CHG,6.097296637457772
1989-04-30,DXY_3M_CHG,0.9713779828611768
1989-05-31,DXY_3M_CHG,8.514227293085241
1989-06-30,DXY_3M_CHG,3.9535329911844608
1989-07-31,DXY_3M_CHG,-0.3274994348813509
1989-08-31,DXY_3M_CHG,-0.6797480625539198
1989-09-30,DXY_3M_CHG,-3.4797054883108025
1989-10-31,DXY_3M_CHG,0.6982239546538649
1989-11-30,DXY_3M_CHG,-5.876028752404516
1989-12-31,DXY_3M_CHG,-5.341730548414536
1990-01-31,DXY_3M_CHG,-5.771383756834614
1990-02-28,DXY_3M_CHG,-3.095456353434589
1990-03-31,DXY_3M_CHG,0.5149698118745549
1990-04-30,DXY_3M_CHG,0.7142040975651076
1990-05-31,DXY_3M_CHG,-0.3322945176883918
1990-06-30,DXY_3M_CHG,-2.7110693236621963
1990-07-31,DXY_3M_CHG,-6.339316154749075
1990-08-31,DXY_3M_CHG,-6.9047166772995165
1990-09-30,DXY_3M_CHG,-5.650029006765012
1990-10-31,DXY_3M_CHG,-4.462543846919875
1990-11-30,DXY_3M_CHG,-4.193619865759324
1990-12-31,DXY_3M_CHG,-3.406977099041608
1991-01-31,DXY_3M_CHG,-1.536982226295469
1991-02-28,DXY_3M_CHG,1.386713519410332
1991-03-31,DXY_3M_CHG,10.774042351176071
1991-04-30,DXY_3M_CHG,11.634147457960164
1991-05-31,DXY_3M_CHG,10.763552836913327
1991-06-30,DXY_3M_CHG,4.390351079013821
1991-07-31,DXY_3M_CHG,2.1302129437835715
1991-08-31,DXY_3M_CHG,0.3865570932767959
1991-09-30,DXY_3M_CHG,-6.412654787917771
1991-10-31,DXY_3M_CHG,-3.807891367995586
1991-11-30,DXY_3M_CHG,-5.66905074710371
1991-12-31,DXY_3M_CHG,-7.096779504476347
1992-01-31,DXY_3M_CHG,-2.7132240999957147
1992-02-29,DXY_3M_CHG,0.9071271121630753
1992-03-31,DXY_3M_CHG,7.339565528252923
1992-04-30,DXY_3M_CHG,2.43456959060524
1992-05-31,DXY_3M_CHG,-1.9889838021751705
1992-06-30,DXY_3M_CHG,-6.614612609308201
1992-07-31,DXY_3M_CHG,-8.602989118706205
1992-08-31,DXY_3M_CHG,-9.562031472782785
1992-09-30,DXY_3M_CHG,-3.1294824514815356
1992-10-31,DXY_3M_CHG,6.983266189200044
1992-11-30,DXY_3M_CHG,15.162271172561947
1992-12-31,DXY_3M_CHG,13.884096606763219
1993-01-31,DXY_3M_CHG,5.511813285907974
1993-02-28,DXY_3M_CHG,3.533693134384497
1993-03-31,DXY_3M_CHG,-0.5305303816927398
1993-04-30,DXY_3M_CHG,-3.2122012222709384
1993-05-31,DXY_3M_CHG,-5.28442430561965
1993-06-30,DXY_3M_CHG,1.9157444804815738
1993-07-31,DXY_3M_CHG,6.5705721568611875
1993-08-31,DXY_3M_CHG,5.4669903649348095
1993-09-30,DXY_3M_CHG,-0.8651047552649227
1993-10-31,DXY_3M_CHG,-0.3040798020085722
1993-11-30,DXY_3M_CHG,2.405537210901154
1993-12-31,DXY_3M_CHG,4.330959552126101
1994-01-31,DXY_3M_CHG,0.5363846203349398
1994-02-28,DXY_3M_CHG,-1.7253882637057072
1994-03-31,DXY_3M_CHG,-3.9033446119801862
1994-04-30,DXY_3M_CHG,-3.6300802638833396
1994-05-31,DXY_3M_CHG,-2.1470188716759098
1994-06-30,DXY_3M_CHG,-3.6965343888449964
1994-07-31,DXY_3M_CHG,-2.4424662754186643
1994-08-31,DXY_3M_CHG,-3.0804135079210204
1994-09-30,DXY_3M_CHG,-1.9415369781724534
1994-10-31,DXY_3M_CHG,-4.651162988124824
1994-11-30,DXY_3M_CHG,-0.6022091296466137
1994-12-31,DXY_3M_CHG,0.9672350137477581
1995-01-31,DXY_3M_CHG,2.6840884080216787
1995-02-28,DXY_3M_CHG,-3.5902581026047042
1995-03-31,DXY_3M_CHG,-7.697511070274265
1995-04-30,DXY_3M_CHG,-7.034884603128844
1995-05-31,DXY_3M_CHG,-3.91016012849843
1995-06-30,DXY_3M_CHG,-0.3907200108208886
1995-07-31,DXY_3M_CHG,-0.2811776874727778
1995-08-31,DXY_3M_CHG,3.6332808660383797
1995-09-30,DXY_3M_CHG,3.3218914239360187
1995-10-31,DXY_3M_CHG,2.5622213744077804
1995-11-30,DXY_3M_CHG,-0.3622736469549137
1995-12-31,DXY_3M_CHG,0.5576002083261811
1996-01-31,DXY_3M_CHG,4.446561592721299
1996-02-29,DXY_3M_CHG,1.208067972659821
1996-03-31,DXY_3M_CHG,2.076444623027718
1996-04-30,DXY_3M_CHG,0.7324323755611095
1996-05-31,DXY_3M_CHG,1.7267329330870496
1996-06-30,DXY_3M_CHG,1.5025463502049252
1996-07-31,DXY_3M_CHG,-2.4085380573057535
1996-08-31,DXY_3M_CHG,-1.617678501586195
1996-09-30,DXY_3M_CHG,0.1366462616705144
1996-10-31,DXY_3M_CHG,1.7811394087530186
1996-11-30,DXY_3M_CHG,1.806389008300635
1996-12-31,DXY_3M_CHG,0.2729109132438845
1997-01-31,DXY_3M_CHG,6.416562496591283
1997-02-28,DXY_3M_CHG,7.927663063993373
1997-03-31,DXY_3M_CHG,7.416648778513868
1997-04-30,DXY_3M_CHG,4.44969835437472
1997-05-31,DXY_3M_CHG,-0.04215503823863376
1997-06-30,DXY_3M_CHG,1.0029528462828674
1997-07-31,DXY_3M_CHG,2.5313841086102906
1997-08-31,DXY_3M_CHG,4.375331146696015
1997-09-30,DXY_3M_CHG,1.505176616459547
1997-10-31,DXY_3M_CHG,-4.014452051889073
1997-11-30,DXY_3M_CHG,-1.2222212974471236
1997-12-31,DXY_3M_CHG,2.6155914937318947
1998-01-31,DXY_3M_CHG,5.384777874053714
1998-02-28,DXY_3M_CHG,2.0758756113014254
1998-03-31,DXY_3M_CHG,1.8564961824317106
1998-04-30,DXY_3M_CHG,-1.0715366814609384
1998-05-31,DXY_3M_CHG,0.6311332952755544
1998-06-30,DXY_3M_CHG,-0.3251249567041148
1998-07-31,DXY_3M_CHG,1.4943314386225648
1998-08-31,DXY_3M_CHG,-0.2488800473819941
1998-09-30,DXY_3M_CHG,-4.942176623993233
1998-10-31,DXY_3M_CHG,-7.38141681479404
1998-11-30,DXY_3M_CHG,-3.9920160896473655
1998-12-31,DXY_3M_CHG,-2.0796506582921315
1999-01-31,DXY_3M_CHG,2.507199818581074
1999-02-28,DXY_3M_CHG,2.577966149279476
1999-03-31,DXY_3M_CHG,6.297122672273048
1999-04-30,DXY_3M_CHG,5.120730719381705
1999-05-31,DXY_3M_CHG,3.881234109454912
1999-06-30,DXY_3M_CHG,2.7472527891306164
1999-07-31,DXY_3M_CHG,-1.2376237623762387
1999-08-31,DXY_3M_CHG,-2.4973223438100822
1999-09-30,DXY_3M_CHG,-4.190566477916113
1999-10-31,DXY_3M_CHG,-0.6917317708333148
1999-11-30,DXY_3M_CHG,2.0410214885586253
1999-12-31,DXY_3M_CHG,3.3793401665475065
2000-01-31,DXY_3M_CHG,6.127599277633533
2000-02-29,DXY_3M_CHG,3.8533193327694892
2000-03-31,DXY_3M_CHG,3.5044660828223773
2000-04-30,DXY_3M_CHG,4.765530549909336
2000-05-31,DXY_3M_CHG,2.662386464854549
2000-06-30,DXY_3M_CHG,1.3277635281375932
2000-07-31,DXY_3M_CHG,-0.5175228781395758
2000-08-31,DXY_3M_CHG,3.5497523323362756
2000-09-30,DXY_3M_CHG,5.999629241690707
2000-10-31,DXY_3M_CHG,6.461624396070098
2000-11-30,DXY_3M_CHG,2.344582082969726
2000-12-31,DXY_3M_CHG,-3.2582803014624573
2001-01-31,DXY_3M_CHG,-5.255040550901791
2001-02-28,DXY_3M_CHG,-2.8028425784573208
2001-03-31,DXY_3M_CHG,7.1285189503691
2001-04-30,DXY_3M_CHG,4.82265833600084
2001-05-31,DXY_3M_CHG,6.303006360099084
2001-06-30,DXY_3M_CHG,1.7551312178474943
2001-07-31,DXY_3M_CHG,1.148037849436645
2001-08-31,DXY_3M_CHG,-4.745109213370135
2001-09-30,DXY_3M_CHG,-4.981995254993176
2001-10-31,DXY_3M_CHG,-1.979859778786619
2001-11-30,DXY_3M_CHG,2.389348552480075
2001-12-31,DXY_3M_CHG,2.881561990072501
2002-01-31,DXY_3M_CHG,4.683960669362119
2002-02-28,DXY_3M_CHG,2.609150504050528
2002-03-31,DXY_3M_CHG,1.6017154146312995
2002-04-30,DXY_3M_CHG,-4.199929733935015
2002-05-31,DXY_3M_CHG,-6.168182173237691
2002-06-30,DXY_3M_CHG,-10.54628380253595
2002-07-31,DXY_3M_CHG,-6.754057309143924
2002-08-31,DXY_3M_CHG,-4.319823188556127
2002-09-30,DXY_3M_CHG,0.7162398754678279
2002-10-31,DXY_3M_CHG,-0.7168832010128412
2002-11-30,DXY_3M_CHG,-0.5328095690205203
2002-12-31,DXY_3M_CHG,-4.697299657009224
2003-01-31,DXY_3M_CHG,-6.310948767871382
2003-02-28,DXY_3M_CHG,-6.296404799413113
2003-03-31,DXY_3M_CHG,-2.7393234730742178
2003-04-30,DXY_3M_CHG,-2.722451327198472
2003-05-31,DXY_3M_CHG,-6.458732825732339
2003-06-30,DXY_3M_CHG,-4.371082483723043
2003-07-31,DXY_3M_CHG,-0.3086768641030413
2003-08-31,DXY_3M_CHG,5.178516141196554
2003-09-30,DXY_3M_CHG,-1.9845928599081963
2003-10-31,DXY_3M_CHG,-4.293524676355087
2003-11-30,DXY_3M_CHG,-8.042812958585143
2003-12-31,DXY_3M_CHG,-6.386645560181215
2004-01-31,DXY_3M_CHG,-5.963556786906898
2004-02-29,DXY_3M_CHG,-3.214722930174674
2004-03-31,DXY_3M_CHG,0.7938362355520256
2004-04-30,DXY_3M_CHG,3.761475370966205
2004-05-31,DXY_3M_CHG,1.8783638019779225
2004-06-30,DXY_3M_CHG,1.358295209583238
2004-07-31,DXY_3M_CHG,-0.5747173443501952
2004-08-31,DXY_3M_CHG,-0.011236095760358555
2004-09-30,DXY_3M_CHG,-1.6216243152232024
2004-10-31,DXY_3M_CHG,-5.613601015737368
2004-11-30,DXY_3M_CHG,-8.005399765164945
2004-12-31,DXY_3M_CHG,-7.451925470178022
2005-01-31,DXY_3M_CHG,-1.5428160775982414
2005-02-28,DXY_3M_CHG,0.843317580029157
2005-03-31,DXY_3M_CHG,3.9703143414407505
2005-04-30,DXY_3M_CHG,0.9928251748851702
2005-05-31,DXY_3M_CHG,6.362864942521562
2005-06-30,DXY_3M_CHG,6.007617414261435
2005-07-31,DXY_3M_CHG,5.827310376834971
2005-08-31,DXY_3M_CHG,-0.20510517410466944
2005-09-30,DXY_3M_CHG,0.4601010323270316
2005-10-31,DXY_3M_CHG,0.8058211897022716
2005-11-30,DXY_3M_CHG,4.5558321310227745
2005-12-31,DXY_3M_CHG,1.8431653125030811
2006-01-31,DXY_3M_CHG,-1.2323755014016613
2006-02-28,DXY_3M_CHG,-1.5944076546231312
2006-03-31,DXY_3M_CHG,-1.579461271177507
2006-04-30,DXY_3M_CHG,-3.2036853680887045
2006-05-31,DXY_3M_CHG,-5.981577353390066
2006-06-30,DXY_3M_CHG,-5.026191872845809
2006-07-31,DXY_3M_CHG,-0.9406544569184216
2006-08-31,DXY_3M_CHG,0.38952056928682754
2006-09-30,DXY_3M_CHG,0.8800750871355234
2006-10-31,DXY_3M_CHG,0.02344272256857849
2006-11-30,DXY_3M_CHG,-2.5044148223207774
2006-12-31,DXY_3M_CHG,-2.6171920065742205
2007-01-31,DXY_3M_CHG,-0.832160205124477
2007-02-28,DXY_3M_CHG,0.7838899423931123
2007-03-31,DXY_3M_CHG,-0.9436226755954569
2007-04-30,DXY_3M_CHG,-3.7347874238435663
2007-05-31,DXY_3M_CHG,-1.519680085801245
2007-06-30,DXY_3M_CHG,-1.2178971813743389
2007-07-31,DXY_3M_CHG,-0.834868423147872
2007-08-31,DXY_3M_CHG,-1.8347534389286047
2007-09-30,DXY_3M_CHG,-5.126949514305956
2007-10-31,DXY_3M_CHG,-5.311369895297724
2007-11-30,DXY_3M_CHG,-5.743284239469116
2007-12-31,DXY_3M_CHG,-1.312408976377144
2008-01-31,DXY_3M_CHG,-1.6997947106391686
2008-02-29,DXY_3M_CHG,-3.204205374279656
2008-03-31,DXY_3M_CHG,-6.388519024050199
2008-04-30,DXY_3M_CHG,-3.5514740065271
2008-05-31,DXY_3M_CHG,-1.1260369574872642
2008-06-30,DXY_3M_CHG,0.9192144911736033
2008-07-31,DXY_3M_CHG,0.992968141623285
2008-08-31,DXY_3M_CHG,6.174533712388364
2008-09-30,DXY_3M_CHG,9.646698802218733
2008-10-31,DXY_3M_CHG,16.932941865433236
2008-11-30,DXY_3M_CHG,11.811837314642325
2008-12-31,DXY_3M_CHG,2.341095886464628
2009-01-31,DXY_3M_CHG,0.4320947780566131
2009-02-28,DXY_3M_CHG,1.722151584576448
2009-03-31,DXY_3M_CHG,5.067030955957241
2009-04-30,DXY_3M_CHG,-1.6162783600563224
2009-05-31,DXY_3M_CHG,-8.612659523995491
2009-06-30,DXY_3M_CHG,-6.203913183688369
2009-07-31,DXY_3M_CHG,-7.398655112956698
2009-08-31,DXY_3M_CHG,-2.8098994500252883
2009-09-30,DXY_3M_CHG,-4.342937535032332
2009-10-31,DXY_3M_CHG,-2.6164587904113246
2009-11-30,DXY_3M_CHG,-4.208777014957599
2009-12-31,DXY_3M_CHG,1.5786028185063028
2010-01-31,DXY_3M_CHG,4.141541161631768
2010-02-28,DXY_3M_CHG,7.3183808198970635
2010-03-31,DXY_3M_CHG,4.122783276790631
2010-04-30,DXY_3M_CHG,3.0329772085037954
2010-05-31,DXY_3M_CHG,7.615732578520773
2010-06-30,DXY_3M_CHG,6.105830722678807
2010-07-31,DXY_3M_CHG,-0.40308027358465504
2010-08-31,DXY_3M_CHG,-3.792791722213118
2010-09-30,DXY_3M_CHG,-8.486393521559954
2010-10-31,DXY_3M_CHG,-5.236698828203979
2010-11-30,DXY_3M_CHG,-2.4038462420187034
2010-12-31,DXY_3M_CHG,0.39379770552165905
2011-01-31,DXY_3M_CHG,0.6082583682178733
2011-02-28,DXY_3M_CHG,-5.307878966228275
2011-03-31,DXY_3M_CHG,-4.011132757066093
2011-04-30,DXY_3M_CHG,-6.187287999444924
2011-05-31,DXY_3M_CHG,-2.9262583142937504
2011-06-30,DXY_3M_CHG,-2.0564164856872957
2011-07-31,DXY_3M_CHG,1.3300441747486014
2011-08-31,DXY_3M_CHG,-0.6832826103977729
2011-09-30,DXY_3M_CHG,5.720053600858432
2011-10-31,DXY_3M_CHG,3.071713932605924
2011-11-30,DXY_3M_CHG,5.746664365395016
2011-12-31,DXY_3M_CHG,2.062374352958418
2012-01-31,DXY_3M_CHG,4.0829731982579
2012-02-29,DXY_3M_CHG,0.4337338562730775
2012-03-31,DXY_3M_CHG,-1.546710605077517
2012-04-30,DXY_3M_CHG,-0.6180598780451629
2012-05-31,DXY_3M_CHG,5.474402863992989
2012-06-30,DXY_3M_CHG,3.4460930066976925
2012-07-31,DXY_3M_CHG,4.886404911009934
2012-08-31,DXY_3M_CHG,-2.1555887473414526
2012-09-30,DXY_3M_CHG,-2.094303799774788
2012-10-31,DXY_3M_CHG,-3.291385818964365
2012-11-30,DXY_3M_CHG,-1.3538442758413427
2012-12-31,DXY_3M_CHG,-0.2126667414908523
2013-01-31,DXY_3M_CHG,-0.8883872631875733
2013-02-28,DXY_3M_CHG,2.283221205509034
2013-03-31,DXY_3M_CHG,4.036606940214793
2013-04-30,DXY_3M_CHG,3.1814219184291392
2013-05-31,DXY_3M_CHG,1.7077260785034687
2013-06-30,DXY_3M_CHG,0.21689397494775164
2013-07-31,DXY_3M_CHG,-0.3425992869088179
2013-08-31,DXY_3M_CHG,-1.5471347541624714
2013-09-30,DXY_3M_CHG,-3.5469484347586344
2013-10-31,DXY_3M_CHG,-1.5346839126271772
2013-11-30,DXY_3M_CHG,-1.7176222385382522
2013-12-31,DXY_3M_CHG,-0.22438332390516402
2014-01-31,DXY_3M_CHG,1.3341642587776592
2014-02-28,DXY_3M_CHG,-1.1155199832357576
2014-03-31,DXY_3M_CHG,0.07495946765052608
2014-04-30,DXY_3M_CHG,-2.1902286856421815
2014-05-31,DXY_3M_CHG,0.7395387018209076
2014-06-30,DXY_3M_CHG,-0.399500250836593
2014-07-31,DXY_3M_CHG,2.4783007593978335
2014-08-31,DXY_3M_CHG,2.9613004505206098
2014-09-30,DXY_3M_CHG,7.721238100229089
2014-10-31,DXY_3M_CHG,6.653570132409237
2014-11-30,DXY_3M_CHG,6.779456930938443
2014-12-31,DXY_3M_CHG,5.038391992846791
2015-01-31,DXY_3M_CHG,9.116029061601116
2015-02-28,DXY_3M_CHG,7.797645249044116
2015-03-31,DXY_3M_CHG,8.962007608434487
2015-04-30,DXY_3M_CHG,-0.21097528607409988
2015-05-31,DXY_3M_CHG,1.7427859969652237
2015-06-30,DXY_3M_CHG,-2.9178555599561506
2015-07-31,DXY_3M_CHG,2.928122956808199
2015-08-31,DXY_3M_CHG,-0.9906167346916739
2015-09-30,DXY_3M_CHG,0.9006185250715948
2015-10-31,DXY_3M_CHG,-0.4313502993657736
2015-11-30,DXY_3M_CHG,4.398125435042477
2015-12-31,DXY_3M_CHG,2.3663713704253464
2016-01-31,DXY_3M_CHG,2.7436861741516383
2016-02-29,DXY_3M_CHG,-1.9566727765802372
2016-03-31,DXY_3M_CHG,-4.096117842472435
2016-04-30,DXY_3M_CHG,-6.5555654445185185
2016-05-31,DXY_3M_CHG,-2.3622846109882745
2016-06-30,DXY_3M_CHG,1.6386543099345952
2016-07-31,DXY_3M_CHG,2.6321410615022023
2016-08-31,DXY_3M_CHG,0.13556914615227011
2016-09-30,DXY_3M_CHG,-0.7073021733854934
2016-10-31,DXY_3M_CHG,3.0566295470090044
2016-11-30,DXY_3M_CHG,5.70714804053194
2016-12-31,DXY_3M_CHG,7.259585555876047
2017-01-31,DXY_3M_CHG,1.0766939774975892
2017-02-28,DXY_3M_CHG,-0.37438153046104317
2017-03-31,DXY_3M_CHG,-1.9923829745950639
2017-04-30,DXY_3M_CHG,-0.4622641690258833
2017-05-31,DXY_3M_CHG,-4.153485426777925
2017-06-30,DXY_3M_CHG,-4.673637153289246
2017-07-31,DXY_3M_CHG,-6.24937127782994
2017-08-31,DXY_3M_CHG,-4.385059926014079
2017-09-30,DXY_3M_CHG,-2.6970538702546953
2017-10-31,DXY_3M_CHG,1.8199466188866698
2017-11-30,DXY_3M_CHG,0.36689756555869923
2017-12-31,DXY_3M_CHG,-1.0313698598922283
2018-01-31,DXY_3M_CHG,-5.732422658276226
2018-02-28,DXY_3M_CHG,-2.580369283685935
2018-03-31,DXY_3M_CHG,-2.1385162418226633
2018-04-30,DXY_3M_CHG,3.040501703110654
2018-05-31,DXY_3M_CHG,3.7302695405034614
2018-06-30,DXY_3M_CHG,4.9694904622414215
2018-07-31,DXY_3M_CHG,2.8854547381831352
2018-08-31,DXY_3M_CHG,1.223536069812181
2018-09-30,DXY_3M_CHG,0.5917840053282442
2018-10-31,DXY_3M_CHG,2.793945866582237
2018-11-30,DXY_3M_CHG,2.238803097627229
2018-12-31,DXY_3M_CHG,1.0295153927980305
2019-01-31,DXY_3M_CHG,-1.595794776272108
2019-02-28,DXY_3M_CHG,-1.141146313626562
2019-03-31,DXY_3M_CHG,1.154206750011122
2019-04-30,DXY_3M_CHG,1.9878651281439952
2019-05-31,DXY_3M_CHG,1.6534903050519967
2019-06-30,DXY_3M_CHG,-1.1821561886405596
2019-07-31,DXY_3M_CHG,1.0668785908067413
2019-08-31,DXY_3M_CHG,1.1969290730898585
2019-09-30,DXY_3M_CHG,3.3808385445308398
2019-10-31,DXY_3M_CHG,-1.187574308578354
2019-11-30,DXY_3M_CHG,-0.6570981984540536
2019-12-31,DXY_3M_CHG,-3.008651586239286
2020-01-31,DXY_3M_CHG,0.04108979574146687
2020-02-29,DXY_3M_CHG,-0.14246402201167907
2020-03-31,DXY_3M_CHG,2.7596261842024905
2020-04-30,DXY_3M_CHG,1.673680319984916
2020-05-31,DXY_3M_CHG,0.21400090731720223
2020-06-30,DXY_3M_CHG,-1.6759248974903551
2020-07-31,DXY_3M_CHG,-5.584729314050241
2020-08-31,DXY_3M_CHG,-6.304654442877289
2020-09-30,DXY_3M_CHG,-3.5937981537476182
2020-10-31,DXY_3M_CHG,0.5883014914165097
2020-11-30,DXY_3M_CHG,-0.29302870073246723
2020-12-31,DXY_3M_CHG,-4.2070475811268215
2021-01-31,DXY_3M_CHG,-3.6792844010929526
2021-02-28,DXY_3M_CHG,-1.0231875621025122
2021-03-31,DXY_3M_CHG,3.657995137003356
2021-04-30,DXY_3M_CHG,0.7727941422962292
2021-05-31,DXY_3M_CHG,-0.9897740271179511
2021-06-30,DXY_3M_CHG,-0.8473676789464646
2021-07-31,DXY_3M_CHG,0.9750212549852755
2021-08-31,DXY_3M_CHG,2.8879245911074714
2021-09-30,DXY_3M_CHG,1.9580241354288708
2021-10-31,DXY_3M_CHG,2.115660861859192
2021-11-30,DXY_3M_CHG,3.627335323307035
2021-12-31,DXY_3M_CHG,1.5066293569711675
2022-01-31,DXY_3M_CHG,2.5711836998784765
2022-02-28,DXY_3M_CHG,0.7500794215299145
2022-03-31,DXY_3M_CHG,2.7594851470430948
2022-04-30,DXY_3M_CHG,6.650091265860691
2022-05-31,DXY_3M_CHG,5.211457929107288
2022-06-30,DXY_3M_CHG,6.489680644137863
2022-07-31,DXY_3M_CHG,2.8554802520871725
2022-08-31,DXY_3M_CHG,6.830463831196276
2022-09-30,DXY_3M_CHG,7.09714407479769
2022-10-31,DXY_3M_CHG,5.316333496031311
2022-11-30,DXY_3M_CHG,-2.5298988750748763
2022-12-31,DXY_3M_CHG,-7.670358448843162
2023-01-31,DXY_3M_CHG,-8.455124548003
2023-02-28,DXY_3M_CHG,-1.0193433060576185
2023-03-31,DXY_3M_CHG,-0.9756516031567797
2023-04-30,DXY_3M_CHG,-0.42115603486982955
2023-05-31,DXY_3M_CHG,-0.5244617501221072
2023-06-30,DXY_3M_CHG,0.39020731396270936
2023-07-31,DXY_3M_CHG,0.18688152338757202
2023-08-31,DXY_3M_CHG,-0.6710093465202571
2023-09-30,DXY_3M_CHG,3.1678110881617316
2023-10-31,DXY_3M_CHG,4.712353252499413
2023-11-30,DXY_3M_CHG,-0.11581040667941744
2023-12-31,DXY_3M_CHG,-4.558723199927817
2024-01-31,DXY_3M_CHG,-3.1783301168657796
2024-02-29,DXY_3M_CHG,0.6376846976902106
2024-03-31,DXY_3M_CHG,3.177737256998925
2024-04-30,DXY_3M_CHG,2.8565940481559915
2024-05-31,DXY_3M_CHG,0.48962604541600285
2024-06-30,DXY_3M_CHG,1.262553473260808
2024-07-31,DXY_3M_CHG,-1.9958602167374329
2024-08-31,DXY_3M_CHG,-2.837490467812298
2024-09-30,DXY_3M_CHG,-4.807786752843457
2024-10-31,DXY_3M_CHG,-0.11526908640381306
2024-11-30,DXY_3M_CHG,3.972469062691686
2024-12-31,DXY_3M_CHG,7.650326630145288
2025-01-31,DXY_3M_CHG,4.221965039353615
2025-02-28,DXY_3M_CHG,1.7684913791952805
2025-03-31,DXY_3M_CHG,-3.9450630137086384
2025-04-30,DXY_3M_CHG,-8.212606164356329
2025-05-31,DXY_3M_CHG,-7.694451010439263
2025-06-30,DXY_3M_CHG,-7.033875727331118
2025-07-31,DXY_3M_CHG,0.5629813528917449
2025-08-31,DXY_3M_CHG,-1.5705276947861169
2025-09-30,DXY_3M_CHG,0.9186616586294827
2025-10-31,DXY_3M_CHG,-0.22992675232010873
2025-11-30,DXY_3M_CHG,1.7285491453743473
2025-12-31,DXY_3M_CHG,0.5216346054427667
2026-01-31,DXY_3M_CHG,-2.815636374811503
2026-02-28,DXY_3M_CHG,-1.8600427218482762
2026-03-31,DXY_3M_CHG,1.7094020411502875
2026-04-30,DXY_3M_CHG,1.1238313138393519
2026-05-31,DXY_3M_CHG,1.9250054205358857
1985-01-31,DXY_LEVEL,152.72000122070312
1985-02-28,DXY_LEVEL,160.41000366210938
1985-03-31,DXY_LEVEL,149.17999267578125
1985-04-30,DXY_LEVEL,149.6999969482422
1985-05-31,DXY_LEVEL,147.86000061035156
1985-06-30,DXY_LEVEL,146.1199951171875
1985-07-31,DXY_LEVEL,137.25999450683594
1985-08-31,DXY_LEVEL,138.1999969482422
1985-09-30,DXY_LEVEL,132.1199951171875
1985-10-31,DXY_LEVEL,129.38999938964844
1985-11-30,DXY_LEVEL,124.98999786376952
1985-12-31,DXY_LEVEL,123.45999908447266
1986-01-31,DXY_LEVEL,121.5199966430664
1986-02-28,DXY_LEVEL,115.08000183105467
1986-03-31,DXY_LEVEL,117.91999816894533
1986-04-30,DXY_LEVEL,111.7699966430664
1986-05-31,DXY_LEVEL,117.51000213623048
1986-06-30,DXY_LEVEL,111.61000061035156
1986-07-31,DXY_LEVEL,108.04000091552734
1986-08-31,DXY_LEVEL,106.43000030517578
1986-09-30,DXY_LEVEL,106.73999786376952
1986-10-31,DXY_LEVEL,109.2699966430664
1986-11-30,DXY_LEVEL,105.91999816894533
1986-12-31,DXY_LEVEL,103.58000183105467
1987-01-31,DXY_LEVEL,99.86000061035156
1987-02-28,DXY_LEVEL,99.26000213623048
1987-03-31,DXY_LEVEL,97.11000061035156
1987-04-30,DXY_LEVEL,95.94000244140624
1987-05-31,DXY_LEVEL,97.7699966430664
1987-06-30,DXY_LEVEL,98.12999725341795
1987-07-31,DXY_LEVEL,99.79000091552734
1987-08-31,DXY_LEVEL,97.31999969482422
1987-09-30,DXY_LEVEL,98.56999969482422
1987-10-31,DXY_LEVEL,93.6500015258789
1987-11-30,DXY_LEVEL,89.1500015258789
1987-12-31,DXY_LEVEL,85.41999816894531
1988-01-31,DXY_LEVEL,90.33999633789062
1988-02-29,DXY_LEVEL,90.52999877929688
1988-03-31,DXY_LEVEL,88.30000305175781
1988-04-30,DXY_LEVEL,89.16000366210938
1988-05-31,DXY_LEVEL,91.08999633789062
1988-06-30,DXY_LEVEL,95.41000366210938
1988-07-31,DXY_LEVEL,97.52999877929688
1988-08-31,DXY_LEVEL,98.41999816894533
1988-09-30,DXY_LEVEL,97.69000244140624
1988-10-31,DXY_LEVEL,93.76000213623048
1988-11-30,DXY_LEVEL,90.52999877929688
1988-12-31,DXY_LEVEL,92.5
1989-01-31,DXY_LEVEL,96.7699966430664
1989-02-28,DXY_LEVEL,94.9000015258789
1989-03-31,DXY_LEVEL,98.13999938964844
1989-04-30,DXY_LEVEL,97.70999908447266
1989-05-31,DXY_LEVEL,102.9800033569336
1989-06-30,DXY_LEVEL,102.0199966430664
1989-07-31,DXY_LEVEL,97.38999938964844
1989-08-31,DXY_LEVEL,102.27999877929688
1989-09-30,DXY_LEVEL,98.47000122070312
1989-10-31,DXY_LEVEL,98.06999969482422
1989-11-30,DXY_LEVEL,96.2699966430664
1989-12-31,DXY_LEVEL,93.20999908447266
1990-01-31,DXY_LEVEL,92.41000366210938
1990-02-28,DXY_LEVEL,93.29000091552734
1990-03-31,DXY_LEVEL,93.69000244140624
1990-04-30,DXY_LEVEL,93.06999969482422
1990-05-31,DXY_LEVEL,92.9800033569336
1990-06-30,DXY_LEVEL,91.1500015258789
1990-07-31,DXY_LEVEL,87.16999816894531
1990-08-31,DXY_LEVEL,86.55999755859375
1990-09-30,DXY_LEVEL,86.0
1990-10-31,DXY_LEVEL,83.27999877929688
1990-11-30,DXY_LEVEL,82.93000030517578
1990-12-31,DXY_LEVEL,83.06999969482422
1991-01-31,DXY_LEVEL,82.0
1991-02-28,DXY_LEVEL,84.08000183105469
1991-03-31,DXY_LEVEL,92.0199966430664
1991-04-30,DXY_LEVEL,91.54000091552734
1991-05-31,DXY_LEVEL,93.12999725341795
1991-06-30,DXY_LEVEL,96.05999755859376
1991-07-31,DXY_LEVEL,93.48999786376952
1991-08-31,DXY_LEVEL,93.48999786376952
1991-09-30,DXY_LEVEL,89.9000015258789
1991-10-31,DXY_LEVEL,89.93000030517578
1991-11-30,DXY_LEVEL,88.19000244140625
1991-12-31,DXY_LEVEL,83.5199966430664
1992-01-31,DXY_LEVEL,87.48999786376953
1992-02-29,DXY_LEVEL,88.98999786376953
1992-03-31,DXY_LEVEL,89.6500015258789
1992-04-30,DXY_LEVEL,89.62000274658203
1992-05-31,DXY_LEVEL,87.22000122070312
1992-06-30,DXY_LEVEL,83.72000122070312
1992-07-31,DXY_LEVEL,81.91000366210938
1992-08-31,DXY_LEVEL,78.87999725341797
1992-09-30,DXY_LEVEL,81.0999984741211
1992-10-31,DXY_LEVEL,87.62999725341797
1992-11-30,DXY_LEVEL,90.83999633789062
1992-12-31,DXY_LEVEL,92.36000061035156
1993-01-31,DXY_LEVEL,92.45999908447266
1993-02-28,DXY_LEVEL,94.0500030517578
1993-03-31,DXY_LEVEL,91.87000274658205
1993-04-30,DXY_LEVEL,89.48999786376953
1993-05-31,DXY_LEVEL,89.08000183105469
1993-06-30,DXY_LEVEL,93.62999725341795
1993-07-31,DXY_LEVEL,95.37000274658205
1993-08-31,DXY_LEVEL,93.9499969482422
1993-09-30,DXY_LEVEL,92.81999969482422
1993-10-31,DXY_LEVEL,95.08000183105467
1993-11-30,DXY_LEVEL,96.20999908447266
1993-12-31,DXY_LEVEL,96.83999633789062
1994-01-31,DXY_LEVEL,95.58999633789062
1994-02-28,DXY_LEVEL,94.5500030517578
1994-03-31,DXY_LEVEL,93.05999755859376
1994-04-30,DXY_LEVEL,92.12000274658205
1994-05-31,DXY_LEVEL,92.5199966430664
1994-06-30,DXY_LEVEL,89.62000274658203
1994-07-31,DXY_LEVEL,89.87000274658203
1994-08-31,DXY_LEVEL,89.66999816894531
1994-09-30,DXY_LEVEL,87.87999725341797
1994-10-31,DXY_LEVEL,85.69000244140625
1994-11-30,DXY_LEVEL,89.12999725341797
1994-12-31,DXY_LEVEL,88.7300033569336
1995-01-31,DXY_LEVEL,87.98999786376953
1995-02-28,DXY_LEVEL,85.93000030517578
1995-03-31,DXY_LEVEL,81.9000015258789
1995-04-30,DXY_LEVEL,81.80000305175781
1995-05-31,DXY_LEVEL,82.56999969482422
1995-06-30,DXY_LEVEL,81.58000183105469
1995-07-31,DXY_LEVEL,81.56999969482422
1995-08-31,DXY_LEVEL,85.56999969482422
1995-09-30,DXY_LEVEL,84.29000091552734
1995-10-31,DXY_LEVEL,83.66000366210938
1995-11-30,DXY_LEVEL,85.26000213623047
1995-12-31,DXY_LEVEL,84.76000213623047
1996-01-31,DXY_LEVEL,87.37999725341797
1996-02-29,DXY_LEVEL,86.29000091552734
1996-03-31,DXY_LEVEL,86.5199966430664
1996-04-30,DXY_LEVEL,88.0199966430664
1996-05-31,DXY_LEVEL,87.77999877929688
1996-06-30,DXY_LEVEL,87.81999969482422
1996-07-31,DXY_LEVEL,85.9000015258789
1996-08-31,DXY_LEVEL,86.36000061035156
1996-09-30,DXY_LEVEL,87.94000244140625
1996-10-31,DXY_LEVEL,87.43000030517578
1996-11-30,DXY_LEVEL,87.91999816894531
1996-12-31,DXY_LEVEL,88.18000030517578
1997-01-31,DXY_LEVEL,93.04000091552734
1997-02-28,DXY_LEVEL,94.88999938964844
1997-03-31,DXY_LEVEL,94.72000122070312
1997-04-30,DXY_LEVEL,97.18000030517578
1997-05-31,DXY_LEVEL,94.8499984741211
1997-06-30,DXY_LEVEL,95.66999816894533
1997-07-31,DXY_LEVEL,99.63999938964844
1997-08-31,DXY_LEVEL,99.0
1997-09-30,DXY_LEVEL,97.11000061035156
1997-10-31,DXY_LEVEL,95.63999938964844
1997-11-30,DXY_LEVEL,97.79000091552734
1997-12-31,DXY_LEVEL,99.6500015258789
1998-01-31,DXY_LEVEL,100.79000091552734
1998-02-28,DXY_LEVEL,99.81999969482422
1998-03-31,DXY_LEVEL,101.5
1998-04-30,DXY_LEVEL,99.70999908447266
1998-05-31,DXY_LEVEL,100.4499969482422
1998-06-30,DXY_LEVEL,101.16999816894533
1998-07-31,DXY_LEVEL,101.1999969482422
1998-08-31,DXY_LEVEL,100.1999969482422
1998-09-30,DXY_LEVEL,96.16999816894533
1998-10-31,DXY_LEVEL,93.7300033569336
1998-11-30,DXY_LEVEL,96.1999969482422
1998-12-31,DXY_LEVEL,94.16999816894533
1999-01-31,DXY_LEVEL,96.08000183105467
1999-02-28,DXY_LEVEL,98.68000030517578
1999-03-31,DXY_LEVEL,100.0999984741211
1999-04-30,DXY_LEVEL,101.0
1999-05-31,DXY_LEVEL,102.51000213623048
1999-06-30,DXY_LEVEL,102.8499984741211
1999-07-31,DXY_LEVEL,99.75
1999-08-31,DXY_LEVEL,99.9499969482422
1999-09-30,DXY_LEVEL,98.54000091552734
1999-10-31,DXY_LEVEL,99.05999755859376
1999-11-30,DXY_LEVEL,101.98999786376952
1999-12-31,DXY_LEVEL,101.87000274658205
2000-01-31,DXY_LEVEL,105.12999725341795
2000-02-29,DXY_LEVEL,105.91999816894533
2000-03-31,DXY_LEVEL,105.44000244140624
2000-04-30,DXY_LEVEL,110.13999938964844
2000-05-31,DXY_LEVEL,108.73999786376952
2000-06-30,DXY_LEVEL,106.83999633789062
2000-07-31,DXY_LEVEL,109.56999969482422
2000-08-31,DXY_LEVEL,112.5999984741211
2000-09-30,DXY_LEVEL,113.25
2000-10-31,DXY_LEVEL,116.6500015258789
2000-11-30,DXY_LEVEL,115.23999786376952
2000-12-31,DXY_LEVEL,109.55999755859376
2001-01-31,DXY_LEVEL,110.5199966430664
2001-02-28,DXY_LEVEL,112.01000213623048
2001-03-31,DXY_LEVEL,117.37000274658205
2001-04-30,DXY_LEVEL,115.8499984741211
2001-05-31,DXY_LEVEL,119.06999969482422
2001-06-30,DXY_LEVEL,119.43000030517578
2001-07-31,DXY_LEVEL,117.18000030517578
2001-08-31,DXY_LEVEL,113.41999816894533
2001-09-30,DXY_LEVEL,113.4800033569336
2001-10-31,DXY_LEVEL,114.86000061035156
2001-11-30,DXY_LEVEL,116.12999725341795
2001-12-31,DXY_LEVEL,116.75
2002-01-31,DXY_LEVEL,120.23999786376952
2002-02-28,DXY_LEVEL,119.16000366210938
2002-03-31,DXY_LEVEL,118.62000274658205
2002-04-30,DXY_LEVEL,115.19000244140624
2002-05-31,DXY_LEVEL,111.80999755859376
2002-06-30,DXY_LEVEL,106.11000061035156
2002-07-31,DXY_LEVEL,107.41000366210938
2002-08-31,DXY_LEVEL,106.9800033569336
2002-09-30,DXY_LEVEL,106.87000274658205
2002-10-31,DXY_LEVEL,106.63999938964844
2002-11-30,DXY_LEVEL,106.41000366210938
2002-12-31,DXY_LEVEL,101.8499984741211
2003-01-31,DXY_LEVEL,99.91000366210938
2003-02-28,DXY_LEVEL,99.70999908447266
2003-03-31,DXY_LEVEL,99.05999755859376
2003-04-30,DXY_LEVEL,97.19000244140624
2003-05-31,DXY_LEVEL,93.2699966430664
2003-06-30,DXY_LEVEL,94.7300033569336
2003-07-31,DXY_LEVEL,96.88999938964844
2003-08-31,DXY_LEVEL,98.0999984741211
2003-09-30,DXY_LEVEL,92.8499984741211
2003-10-31,DXY_LEVEL,92.7300033569336
2003-11-30,DXY_LEVEL,90.20999908447266
2003-12-31,DXY_LEVEL,86.91999816894531
2004-01-31,DXY_LEVEL,87.19999694824219
2004-02-29,DXY_LEVEL,87.30999755859375
2004-03-31,DXY_LEVEL,87.61000061035156
2004-04-30,DXY_LEVEL,90.4800033569336
2004-05-31,DXY_LEVEL,88.94999694824219
2004-06-30,DXY_LEVEL,88.80000305175781
2004-07-31,DXY_LEVEL,89.95999908447266
2004-08-31,DXY_LEVEL,88.94000244140625
2004-09-30,DXY_LEVEL,87.36000061035156
2004-10-31,DXY_LEVEL,84.91000366210938
2004-11-30,DXY_LEVEL,81.81999969482422
2004-12-31,DXY_LEVEL,80.8499984741211
2005-01-31,DXY_LEVEL,83.5999984741211
2005-02-28,DXY_LEVEL,82.51000213623047
2005-03-31,DXY_LEVEL,84.05999755859375
2005-04-30,DXY_LEVEL,84.43000030517578
2005-05-31,DXY_LEVEL,87.76000213623047
2005-06-30,DXY_LEVEL,89.11000061035156
2005-07-31,DXY_LEVEL,89.3499984741211
2005-08-31,DXY_LEVEL,87.58000183105469
2005-09-30,DXY_LEVEL,89.5199966430664
2005-10-31,DXY_LEVEL,90.06999969482422
2005-11-30,DXY_LEVEL,91.56999969482422
2005-12-31,DXY_LEVEL,91.16999816894533
2006-01-31,DXY_LEVEL,88.95999908447266
2006-02-28,DXY_LEVEL,90.11000061035156
2006-03-31,DXY_LEVEL,89.7300033569336
2006-04-30,DXY_LEVEL,86.11000061035156
2006-05-31,DXY_LEVEL,84.72000122070312
2006-06-30,DXY_LEVEL,85.22000122070312
2006-07-31,DXY_LEVEL,85.30000305175781
2006-08-31,DXY_LEVEL,85.05000305175781
2006-09-30,DXY_LEVEL,85.97000122070312
2006-10-31,DXY_LEVEL,85.31999969482422
2006-11-30,DXY_LEVEL,82.91999816894531
2006-12-31,DXY_LEVEL,83.72000122070312
2007-01-31,DXY_LEVEL,84.61000061035156
2007-02-28,DXY_LEVEL,83.56999969482422
2007-03-31,DXY_LEVEL,82.93000030517578
2007-04-30,DXY_LEVEL,81.44999694824219
2007-05-31,DXY_LEVEL,82.30000305175781
2007-06-30,DXY_LEVEL,81.91999816894531
2007-07-31,DXY_LEVEL,80.7699966430664
2007-08-31,DXY_LEVEL,80.79000091552734
2007-09-30,DXY_LEVEL,77.72000122070312
2007-10-31,DXY_LEVEL,76.4800033569336
2007-11-30,DXY_LEVEL,76.1500015258789
2007-12-31,DXY_LEVEL,76.69999694824219
2008-01-31,DXY_LEVEL,75.18000030517578
2008-02-29,DXY_LEVEL,73.70999908447266
2008-03-31,DXY_LEVEL,71.80000305175781
2008-04-30,DXY_LEVEL,72.51000213623047
2008-05-31,DXY_LEVEL,72.87999725341797
2008-06-30,DXY_LEVEL,72.45999908447266
2008-07-31,DXY_LEVEL,73.2300033569336
2008-08-31,DXY_LEVEL,77.37999725341797
2008-09-30,DXY_LEVEL,79.44999694824219
2008-10-31,DXY_LEVEL,85.62999725341797
2008-11-30,DXY_LEVEL,86.5199966430664
2008-12-31,DXY_LEVEL,81.30999755859375
2009-01-31,DXY_LEVEL,86.0
2009-02-28,DXY_LEVEL,88.01000213623047
2009-03-31,DXY_LEVEL,85.43000030517578
2009-04-30,DXY_LEVEL,84.61000061035156
2009-05-31,DXY_LEVEL,80.43000030517578
2009-06-30,DXY_LEVEL,80.12999725341797
2009-07-31,DXY_LEVEL,78.3499984741211
2009-08-31,DXY_LEVEL,78.16999816894531
2009-09-30,DXY_LEVEL,76.6500015258789
2009-10-31,DXY_LEVEL,76.30000305175781
2009-11-30,DXY_LEVEL,74.87999725341797
2009-12-31,DXY_LEVEL,77.86000061035156
2010-01-31,DXY_LEVEL,79.45999908447266
2010-02-28,DXY_LEVEL,80.36000061035156
2010-03-31,DXY_LEVEL,81.06999969482422
2010-04-30,DXY_LEVEL,81.87000274658203
2010-05-31,DXY_LEVEL,86.4800033569336
2010-06-30,DXY_LEVEL,86.0199966430664
2010-07-31,DXY_LEVEL,81.54000091552734
2010-08-31,DXY_LEVEL,83.19999694824219
2010-09-30,DXY_LEVEL,78.72000122070312
2010-10-31,DXY_LEVEL,77.2699966430664
2010-11-30,DXY_LEVEL,81.19999694824219
2010-12-31,DXY_LEVEL,79.02999877929688
2011-01-31,DXY_LEVEL,77.73999786376953
2011-02-28,DXY_LEVEL,76.88999938964844
2011-03-31,DXY_LEVEL,75.86000061035156
2011-04-30,DXY_LEVEL,72.93000030517578
2011-05-31,DXY_LEVEL,74.63999938964844
2011-06-30,DXY_LEVEL,74.30000305175781
2011-07-31,DXY_LEVEL,73.9000015258789
2011-08-31,DXY_LEVEL,74.12999725341797
2011-09-30,DXY_LEVEL,78.55000305175781
2011-10-31,DXY_LEVEL,76.16999816894531
2011-11-30,DXY_LEVEL,78.38999938964844
2011-12-31,DXY_LEVEL,80.16999816894531
2012-01-31,DXY_LEVEL,79.27999877929688
2012-02-29,DXY_LEVEL,78.7300033569336
2012-03-31,DXY_LEVEL,78.93000030517578
2012-04-30,DXY_LEVEL,78.79000091552734
2012-05-31,DXY_LEVEL,83.04000091552734
2012-06-30,DXY_LEVEL,81.6500015258789
2012-07-31,DXY_LEVEL,82.63999938964844
2012-08-31,DXY_LEVEL,81.25
2012-09-30,DXY_LEVEL,79.94000244140625
2012-10-31,DXY_LEVEL,79.91999816894531
2012-11-30,DXY_LEVEL,80.1500015258789
2012-12-31,DXY_LEVEL,79.7699966430664
2013-01-31,DXY_LEVEL,79.20999908447266
2013-02-28,DXY_LEVEL,81.9800033569336
2013-03-31,DXY_LEVEL,82.98999786376953
2013-04-30,DXY_LEVEL,81.7300033569336
2013-05-31,DXY_LEVEL,83.37999725341797
2013-06-30,DXY_LEVEL,83.16999816894531
2013-07-31,DXY_LEVEL,81.44999694824219
2013-08-31,DXY_LEVEL,82.08999633789062
2013-09-30,DXY_LEVEL,80.22000122070312
2013-10-31,DXY_LEVEL,80.19999694824219
2013-11-30,DXY_LEVEL,80.68000030517578
2013-12-31,DXY_LEVEL,80.04000091552734
2014-01-31,DXY_LEVEL,81.2699966430664
2014-02-28,DXY_LEVEL,79.77999877929688
2014-03-31,DXY_LEVEL,80.0999984741211
2014-04-30,DXY_LEVEL,79.48999786376953
2014-05-31,DXY_LEVEL,80.37000274658203
2014-06-30,DXY_LEVEL,79.77999877929688
2014-07-31,DXY_LEVEL,81.45999908447266
2014-08-31,DXY_LEVEL,82.75
2014-09-30,DXY_LEVEL,85.94000244140625
2014-10-31,DXY_LEVEL,86.87999725341797
2014-11-30,DXY_LEVEL,88.36000061035156
2014-12-31,DXY_LEVEL,90.2699966430664
2015-01-31,DXY_LEVEL,94.8000030517578
2015-02-28,DXY_LEVEL,95.25
2015-03-31,DXY_LEVEL,98.36000061035156
2015-04-30,DXY_LEVEL,94.5999984741211
2015-05-31,DXY_LEVEL,96.91000366210938
2015-06-30,DXY_LEVEL,95.48999786376952
2015-07-31,DXY_LEVEL,97.37000274658205
2015-08-31,DXY_LEVEL,95.9499969482422
2015-09-30,DXY_LEVEL,96.3499984741211
2015-10-31,DXY_LEVEL,96.9499969482422
2015-11-30,DXY_LEVEL,100.16999816894533
2015-12-31,DXY_LEVEL,98.62999725341795
2016-01-31,DXY_LEVEL,99.61000061035156
2016-02-29,DXY_LEVEL,98.20999908447266
2016-03-31,DXY_LEVEL,94.58999633789062
2016-04-30,DXY_LEVEL,93.08000183105467
2016-05-31,DXY_LEVEL,95.88999938964844
2016-06-30,DXY_LEVEL,96.13999938964844
2016-07-31,DXY_LEVEL,95.52999877929688
2016-08-31,DXY_LEVEL,96.0199966430664
2016-09-30,DXY_LEVEL,95.45999908447266
2016-10-31,DXY_LEVEL,98.4499969482422
2016-11-30,DXY_LEVEL,101.5
2016-12-31,DXY_LEVEL,102.38999938964844
2017-01-31,DXY_LEVEL,99.51000213623048
2017-02-28,DXY_LEVEL,101.12000274658205
2017-03-31,DXY_LEVEL,100.3499984741211
2017-04-30,DXY_LEVEL,99.0500030517578
2017-05-31,DXY_LEVEL,96.91999816894533
2017-06-30,DXY_LEVEL,95.66000366210938
2017-07-31,DXY_LEVEL,92.86000061035156
2017-08-31,DXY_LEVEL,92.66999816894533
2017-09-30,DXY_LEVEL,93.08000183105467
2017-10-31,DXY_LEVEL,94.5500030517578
2017-11-30,DXY_LEVEL,93.01000213623048
2017-12-31,DXY_LEVEL,92.12000274658205
2018-01-31,DXY_LEVEL,89.12999725341797
2018-02-28,DXY_LEVEL,90.61000061035156
2018-03-31,DXY_LEVEL,90.1500015258789
2018-04-30,DXY_LEVEL,91.83999633789062
2018-05-31,DXY_LEVEL,93.98999786376952
2018-06-30,DXY_LEVEL,94.62999725341795
2018-07-31,DXY_LEVEL,94.48999786376952
2018-08-31,DXY_LEVEL,95.13999938964844
2018-09-30,DXY_LEVEL,95.19000244140624
2018-10-31,DXY_LEVEL,97.12999725341795
2018-11-30,DXY_LEVEL,97.2699966430664
2018-12-31,DXY_LEVEL,96.16999816894533
2019-01-31,DXY_LEVEL,95.58000183105467
2019-02-28,DXY_LEVEL,96.16000366210938
2019-03-31,DXY_LEVEL,97.27999877929688
2019-04-30,DXY_LEVEL,97.4800033569336
2019-05-31,DXY_LEVEL,97.75
2019-06-30,DXY_LEVEL,96.12999725341795
2019-07-31,DXY_LEVEL,98.5199966430664
2019-08-31,DXY_LEVEL,98.91999816894533
2019-09-30,DXY_LEVEL,99.37999725341795
2019-10-31,DXY_LEVEL,97.3499984741211
2019-11-30,DXY_LEVEL,98.2699966430664
2019-12-31,DXY_LEVEL,96.38999938964844
2020-01-31,DXY_LEVEL,97.38999938964844
2020-02-29,DXY_LEVEL,98.12999725341795
2020-03-31,DXY_LEVEL,99.0500030517578
2020-04-30,DXY_LEVEL,99.0199966430664
2020-05-31,DXY_LEVEL,98.33999633789062
2020-06-30,DXY_LEVEL,97.38999938964844
2020-07-31,DXY_LEVEL,93.48999786376952
2020-08-31,DXY_LEVEL,92.13999938964844
2020-09-30,DXY_LEVEL,93.88999938964844
2020-10-31,DXY_LEVEL,94.04000091552734
2020-11-30,DXY_LEVEL,91.87000274658205
2020-12-31,DXY_LEVEL,89.94000244140625
2021-01-31,DXY_LEVEL,90.58000183105467
2021-02-28,DXY_LEVEL,90.93000030517578
2021-03-31,DXY_LEVEL,93.2300033569336
2021-04-30,DXY_LEVEL,91.27999877929688
2021-05-31,DXY_LEVEL,90.02999877929688
2021-06-30,DXY_LEVEL,92.44000244140624
2021-07-31,DXY_LEVEL,92.16999816894533
2021-08-31,DXY_LEVEL,92.62999725341795
2021-09-30,DXY_LEVEL,94.25
2021-10-31,DXY_LEVEL,94.12000274658205
2021-11-30,DXY_LEVEL,95.98999786376952
2021-12-31,DXY_LEVEL,95.66999816894533
2022-01-31,DXY_LEVEL,96.54000091552734
2022-02-28,DXY_LEVEL,96.70999908447266
2022-03-31,DXY_LEVEL,98.30999755859376
2022-04-30,DXY_LEVEL,102.95999908447266
2022-05-31,DXY_LEVEL,101.75
2022-06-30,DXY_LEVEL,104.69000244140624
2022-07-31,DXY_LEVEL,105.9000015258789
2022-08-31,DXY_LEVEL,108.6999969482422
2022-09-30,DXY_LEVEL,112.12000274658205
2022-10-31,DXY_LEVEL,111.52999877929688
2022-11-30,DXY_LEVEL,105.9499969482422
2022-12-31,DXY_LEVEL,103.5199966430664
2023-01-31,DXY_LEVEL,102.0999984741211
2023-02-28,DXY_LEVEL,104.87000274658205
2023-03-31,DXY_LEVEL,102.51000213623048
2023-04-30,DXY_LEVEL,101.66999816894533
2023-05-31,DXY_LEVEL,104.31999969482422
2023-06-30,DXY_LEVEL,102.91000366210938
2023-07-31,DXY_LEVEL,101.86000061035156
2023-08-31,DXY_LEVEL,103.62000274658205
2023-09-30,DXY_LEVEL,106.16999816894533
2023-10-31,DXY_LEVEL,106.66000366210938
2023-11-30,DXY_LEVEL,103.5
2023-12-31,DXY_LEVEL,101.33000183105467
2024-01-31,DXY_LEVEL,103.2699966430664
2024-02-29,DXY_LEVEL,104.16000366210938
2024-03-31,DXY_LEVEL,104.5500030517578
2024-04-30,DXY_LEVEL,106.22000122070312
2024-05-31,DXY_LEVEL,104.66999816894533
2024-06-30,DXY_LEVEL,105.87000274658205
2024-07-31,DXY_LEVEL,104.0999984741211
2024-08-31,DXY_LEVEL,101.6999969482422
2024-09-30,DXY_LEVEL,100.77999877929688
2024-10-31,DXY_LEVEL,103.9800033569336
2024-11-30,DXY_LEVEL,105.73999786376952
2024-12-31,DXY_LEVEL,108.48999786376952
2025-01-31,DXY_LEVEL,108.37000274658205
2025-02-28,DXY_LEVEL,107.61000061035156
2025-03-31,DXY_LEVEL,104.20999908447266
2025-04-30,DXY_LEVEL,99.47000122070312
2025-05-31,DXY_LEVEL,99.33000183105467
2025-06-30,DXY_LEVEL,96.87999725341795
2025-07-31,DXY_LEVEL,100.02999877929688
2025-08-31,DXY_LEVEL,97.7699966430664
2025-09-30,DXY_LEVEL,97.7699966430664
2025-10-31,DXY_LEVEL,99.8000030517578
2025-11-30,DXY_LEVEL,99.45999908447266
2025-12-31,DXY_LEVEL,98.27999877929688
2026-01-31,DXY_LEVEL,96.98999786376952
2026-02-28,DXY_LEVEL,97.61000061035156
2026-03-31,DXY_LEVEL,99.95999908447266
2026-04-30,DXY_LEVEL,98.08000183105467
2026-05-31,DXY_LEVEL,99.48899841308594
1961-01-31,M2_GROWTH,5.33199195171028
1961-02-28,M2_GROWTH,6.0656836461126185
1961-03-31,M2_GROWTH,6.34814567323756
1961-04-30,M2_GROWTH,6.597800733088954
1961-05-31,M2_GROWTH,7.078763708873392
1961-06-30,M2_GROWTH,7.277538868673505
1961-07-31,M2_GROWTH,7.070042749095684
1961-08-31,M2_GROWTH,6.744868035190632
1961-09-30,M2_GROWTH,6.841763942931256
1961-10-31,M2_GROWTH,6.97899838449112
1961-11-30,M2_GROWTH,7.2370537150209024
1961-12-31,M2_GROWTH,7.3943661971831
1962-01-31,M2_GROWTH,7.44985673352434
1962-02-28,M2_GROWTH,7.456556082148502
1962-03-31,M2_GROWTH,7.791391768771594
1962-04-30,M2_GROWTH,8.002500781494227
1962-05-31,M2_GROWTH,7.852265673494729
1962-06-30,M2_GROWTH,7.70891150169597
1962-07-31,M2_GROWTH,7.739557739557745
1962-08-31,M2_GROWTH,7.692307692307687
1962-09-30,M2_GROWTH,7.708649468892248
1962-10-31,M2_GROWTH,7.88281485955904
1962-11-30,M2_GROWTH,7.918416316736665
1962-12-31,M2_GROWTH,8.107302533532046
1963-01-31,M2_GROWTH,8.207407407407397
1963-02-28,M2_GROWTH,8.174066451043792
1963-03-31,M2_GROWTH,8.044301952783428
1963-04-30,M2_GROWTH,8.046309696092614
1963-05-31,M2_GROWTH,8.230215827338139
1963-06-30,M2_GROWTH,8.330947609504724
1963-07-31,M2_GROWTH,8.637400228050174
1963-08-31,M2_GROWTH,8.730158730158744
1963-09-30,M2_GROWTH,8.763031839954927
1963-10-31,M2_GROWTH,8.706606942889138
1963-11-30,M2_GROWTH,8.810450250138956
1963-12-31,M2_GROWTH,8.409153570443895
1964-01-31,M2_GROWTH,8.214676889375694
1964-02-29,M2_GROWTH,8.072845882033164
1964-03-31,M2_GROWTH,7.8500134879956995
1964-04-30,M2_GROWTH,7.607822126975616
1964-05-31,M2_GROWTH,7.471417176282902
1964-06-30,M2_GROWTH,7.584566596194509
1964-07-31,M2_GROWTH,7.609551298871686
1964-08-31,M2_GROWTH,7.76850886339937
1964-09-30,M2_GROWTH,8.005181347150248
1964-10-31,M2_GROWTH,7.932011331444766
1964-11-30,M2_GROWTH,7.790549169859506
1964-12-31,M2_GROWTH,8.011190233977628
1965-01-31,M2_GROWTH,8.173076923076916
1965-02-28,M2_GROWTH,8.249496981891348
1965-03-31,M2_GROWTH,8.354177088544269
1965-04-30,M2_GROWTH,8.389345282549154
1965-05-31,M2_GROWTH,8.139534883720945
1965-06-30,M2_GROWTH,8.106116433308763
1965-07-31,M2_GROWTH,7.998049256278938
1965-08-31,M2_GROWTH,7.8374455732946435
1965-09-30,M2_GROWTH,7.819621012233147
1965-10-31,M2_GROWTH,7.993319016941069
1965-11-30,M2_GROWTH,7.9857819905213345
1965-12-31,M2_GROWTH,8.123381210266079
1966-01-31,M2_GROWTH,8.070175438596493
1966-02-28,M2_GROWTH,7.946096654275103
1966-03-31,M2_GROWTH,7.848568790397037
1966-04-30,M2_GROWTH,7.785943959577413
1966-05-31,M2_GROWTH,7.549759780370624
1966-06-30,M2_GROWTH,7.06657577823222
1966-07-31,M2_GROWTH,6.321968841725001
1966-08-31,M2_GROWTH,6.011664423508312
1966-09-30,M2_GROWTH,5.761957730812006
1966-10-31,M2_GROWTH,5.103844454264239
1966-11-30,M2_GROWTH,4.739960500329166
1966-12-31,M2_GROWTH,4.57317073170731
1967-01-31,M2_GROWTH,4.242424242424248
1967-02-28,M2_GROWTH,4.412397761515274
1967-03-31,M2_GROWTH,4.815924657534243
1967-04-30,M2_GROWTH,4.858299595141702
1967-05-31,M2_GROWTH,5.764730908317373
1967-06-30,M2_GROWTH,6.536502546689316
1967-07-31,M2_GROWTH,7.51751964323637
1967-08-31,M2_GROWTH,8.082945408379171
1967-09-30,M2_GROWTH,8.266722759781242
1967-10-31,M2_GROWTH,8.934202228295153
1967-11-30,M2_GROWTH,9.197569662685943
1967-12-31,M2_GROWTH,9.287796751353603
1968-01-31,M2_GROWTH,9.509966777408629
1968-02-29,M2_GROWTH,9.338280766852192
1968-03-31,M2_GROWTH,8.8829895854605
1968-04-30,M2_GROWTH,8.85998780735624
1968-05-31,M2_GROWTH,8.386967015285606
1968-06-30,M2_GROWTH,8.08764940239044
1968-07-31,M2_GROWTH,7.762196326288762
1968-08-31,M2_GROWTH,7.55677368833203
1968-09-30,M2_GROWTH,7.557800660578984
1968-10-31,M2_GROWTH,7.603241991509058
1968-11-30,M2_GROWTH,7.90483499616268
1968-12-31,M2_GROWTH,8.00304878048781
1969-01-31,M2_GROWTH,7.944634053849064
1969-02-28,M2_GROWTH,7.824283559577672
1969-03-31,M2_GROWTH,7.726931732933218
1969-04-30,M2_GROWTH,7.466865783087551
1969-05-31,M2_GROWTH,6.977175728335494
1969-06-30,M2_GROWTH,6.616291927755258
1969-07-31,M2_GROWTH,6.213343108504388
1969-08-31,M2_GROWTH,5.587914088096113
1969-09-30,M2_GROWTH,5.148121387283244
1969-10-31,M2_GROWTH,4.626972740315627
1969-11-30,M2_GROWTH,4.089615931721191
1969-12-31,M2_GROWTH,3.7226534932957023
1970-01-31,M2_GROWTH,3.56578253996136
1970-02-28,M2_GROWTH,2.517922713761145
1970-03-31,M2_GROWTH,2.245821727019504
1970-04-30,M2_GROWTH,2.2060100746916778
1970-05-31,M2_GROWTH,2.601908065915004
1970-06-30,M2_GROWTH,2.886776145203118
1970-07-31,M2_GROWTH,3.3822260569456475
1970-08-31,M2_GROWTH,4.275124978451994
1970-09-30,M2_GROWTH,4.99914104105823
1970-10-31,M2_GROWTH,5.656496400411393
1970-11-30,M2_GROWTH,6.098394260334827
1970-12-31,M2_GROWTH,6.565742473209735
1971-01-31,M2_GROWTH,7.343962008141114
1971-02-28,M2_GROWTH,9.329694695548362
1971-03-31,M2_GROWTH,10.65894772688576
1971-04-30,M2_GROWTH,11.896668932698852
1971-05-31,M2_GROWTH,12.713440405748113
1971-06-30,M2_GROWTH,13.071236559139775
1971-07-31,M2_GROWTH,13.436821899515936
1971-08-31,M2_GROWTH,13.324516448999834
1971-09-30,M2_GROWTH,13.301701570680624
1971-10-31,M2_GROWTH,13.303049967553536
1971-11-30,M2_GROWTH,13.443889872806311
1971-12-31,M2_GROWTH,13.375897845171592
1972-01-31,M2_GROWTH,13.39864117554117
1972-02-29,M2_GROWTH,13.21372854914198
1972-03-31,M2_GROWTH,12.863517464225271
1972-04-30,M2_GROWTH,12.150668286755772
1972-05-31,M2_GROWTH,11.48942552872354
1972-06-30,M2_GROWTH,11.396731054977716
1972-07-31,M2_GROWTH,11.75691583284284
1972-08-31,M2_GROWTH,12.137126185266233
1972-09-30,M2_GROWTH,12.389891696750889
1972-10-31,M2_GROWTH,12.671821305841924
1972-11-30,M2_GROWTH,12.673857507805833
1972-12-31,M2_GROWTH,12.952273687174443
1973-01-31,M2_GROWTH,12.902326877525416
1973-02-28,M2_GROWTH,12.18134215240456
1973-03-31,M2_GROWTH,11.15201090661213
1973-04-30,M2_GROWTH,11.01029252437704
1973-05-31,M2_GROWTH,11.233687609309827
1973-06-30,M2_GROWTH,11.15112711751365
1973-07-31,M2_GROWTH,10.138248847926269
1973-08-31,M2_GROWTH,9.11929231169506
1973-09-30,M2_GROWTH,7.837594757805477
1973-10-31,M2_GROWTH,7.078408946498915
1973-11-30,M2_GROWTH,6.927824663055793
1973-12-31,M2_GROWTH,6.630936058830872
1974-01-31,M2_GROWTH,6.096507466370493
1974-02-28,M2_GROWTH,6.154035130819313
1974-03-31,M2_GROWTH,6.721452226174418
1974-04-30,M2_GROWTH,6.490179333902635
1974-05-31,M2_GROWTH,5.781325592646347
1974-06-30,M2_GROWTH,5.340213608544353
1974-07-31,M2_GROWTH,5.36760310818889
1974-08-31,M2_GROWTH,5.400572246065827
1974-09-30,M2_GROWTH,5.79053973549386
1974-10-31,M2_GROWTH,6.017089959648692
1974-11-30,M2_GROWTH,5.854635410531284
1974-12-31,M2_GROWTH,5.447106954997083
1975-01-31,M2_GROWTH,5.4204955216936135
1975-02-28,M2_GROWTH,5.774126359638965
1975-03-31,M2_GROWTH,6.309619583955861
1975-04-30,M2_GROWTH,7.125673043876746
1975-05-31,M2_GROWTH,8.380974159615828
1975-06-30,M2_GROWTH,9.70608339029393
1975-07-31,M2_GROWTH,10.630814613115502
1975-08-31,M2_GROWTH,11.197828299966073
1975-09-30,M2_GROWTH,11.66798062844916
1975-10-31,M2_GROWTH,11.6981976939438
1975-11-30,M2_GROWTH,12.052081014912089
1975-12-31,M2_GROWTH,12.648265159073269
1976-01-31,M2_GROWTH,13.27375041377028
1976-02-29,M2_GROWTH,13.805929329395015
1976-03-31,M2_GROWTH,13.513513513513509
1976-04-30,M2_GROWTH,13.44241257619505
1976-05-31,M2_GROWTH,13.10264795864542
1976-06-30,M2_GROWTH,11.900311526479744
1976-07-31,M2_GROWTH,11.403958568351946
1976-08-31,M2_GROWTH,11.758722408707143
1976-09-30,M2_GROWTH,12.032274331820458
1976-10-31,M2_GROWTH,12.7480457005412
1976-11-30,M2_GROWTH,13.04002383553482
1976-12-31,M2_GROWTH,13.363511119858297
1977-01-31,M2_GROWTH,13.50087668030393
1977-02-28,M2_GROWTH,13.198115928097652
1977-03-31,M2_GROWTH,13.190476190476195
1977-04-30,M2_GROWTH,13.084464555052788
1977-05-31,M2_GROWTH,12.769331219102709
1977-06-30,M2_GROWTH,13.01039346696362
1977-07-31,M2_GROWTH,12.924606462303244
1977-08-31,M2_GROWTH,12.587603531446256
1977-09-30,M2_GROWTH,12.18941303565
1977-10-31,M2_GROWTH,11.466666666666669
1977-11-30,M2_GROWTH,10.91196626251978
1977-12-31,M2_GROWTH,10.269097222222223
1978-01-31,M2_GROWTH,9.82663920357021
1978-02-28,M2_GROWTH,9.162703804347828
1978-03-31,M2_GROWTH,8.725283971392518
1978-04-30,M2_GROWTH,8.40280093364456
1978-05-31,M2_GROWTH,8.395368072787424
1978-06-30,M2_GROWTH,8.2690096896042
1978-07-31,M2_GROWTH,7.940001630390459
1978-08-31,M2_GROWTH,7.801131770412284
1978-09-30,M2_GROWTH,7.928101428342149
1978-10-31,M2_GROWTH,7.838915470494423
1978-11-30,M2_GROWTH,7.66001267427121
1978-12-31,M2_GROWTH,7.533653467684798
1979-01-31,M2_GROWTH,7.181370633742268
1979-02-28,M2_GROWTH,7.180085569817196
1979-03-31,M2_GROWTH,7.398235567249634
1979-04-30,M2_GROWTH,7.820670562903698
1979-05-31,M2_GROWTH,7.607783288821057
1979-06-30,M2_GROWTH,7.925673113386433
1979-07-31,M2_GROWTH,8.36039574050298
1979-08-31,M2_GROWTH,8.481439820022496
1979-09-30,M2_GROWTH,8.111524163568774
1979-10-31,M2_GROWTH,7.993788360570897
1979-11-30,M2_GROWTH,7.858141417114273
1979-12-31,M2_GROWTH,7.884333821376277
1980-01-31,M2_GROWTH,8.100029163021304
1980-02-29,M2_GROWTH,8.477282624473803
1980-03-31,M2_GROWTH,8.070327136474997
1980-04-30,M2_GROWTH,7.139291063404896
1980-05-31,M2_GROWTH,7.240107786129624
1980-06-30,M2_GROWTH,7.463106113843998
1980-07-31,M2_GROWTH,7.715361025926959
1980-08-31,M2_GROWTH,7.942762339278309
1980-09-30,M2_GROWTH,8.245650230383061
1980-10-31,M2_GROWTH,8.518214187893713
1980-11-30,M2_GROWTH,8.861450303567775
1980-12-31,M2_GROWTH,8.556694035421053
1981-01-31,M2_GROWTH,8.376610238079184
1981-02-28,M2_GROWTH,8.303224943128606
1981-03-31,M2_GROWTH,9.121216162154957
1981-04-30,M2_GROWTH,10.451338037544945
1981-05-31,M2_GROWTH,10.044303378959206
1981-06-30,M2_GROWTH,9.227046821867637
1981-07-31,M2_GROWTH,8.825622775800724
1981-08-31,M2_GROWTH,8.504642971501752
1981-09-30,M2_GROWTH,8.38627700127066
1981-10-31,M2_GROWTH,8.644623927309446
1981-11-30,M2_GROWTH,8.791828549943602
1981-12-31,M2_GROWTH,9.732466558319786
1982-01-31,M2_GROWTH,10.174870869375807
1982-02-28,M2_GROWTH,9.625007722246238
1982-03-31,M2_GROWTH,9.159232555297582
1982-04-30,M2_GROWTH,8.721070395371267
1982-05-31,M2_GROWTH,9.085446460761926
1982-06-30,M2_GROWTH,9.32167874034604
1982-07-31,M2_GROWTH,8.894702419882261
1982-08-31,M2_GROWTH,8.906332998878597
1982-09-30,M2_GROWTH,8.933177022274341
1982-10-31,M2_GROWTH,8.589847833662457
1982-11-30,M2_GROWTH,8.50181441161224
1982-12-31,M2_GROWTH,8.567359726573631
1983-01-31,M2_GROWTH,10.67555354722096
1983-02-28,M2_GROWTH,12.527472527472527
1983-03-31,M2_GROWTH,12.801567310383444
1983-04-30,M2_GROWTH,12.45634458672875
1983-05-31,M2_GROWTH,12.54269031618376
1983-06-30,M2_GROWTH,12.458926615553125
1983-07-31,M2_GROWTH,12.738192738192744
1983-08-31,M2_GROWTH,12.399739865597216
1983-09-30,M2_GROWTH,12.096427034007728
1983-10-31,M2_GROWTH,12.274696475370362
1983-11-30,M2_GROWTH,12.135690396559973
1983-12-31,M2_GROWTH,11.417178236003988
1984-01-31,M2_GROWTH,9.125242421149316
1984-02-29,M2_GROWTH,8.082932692307686
1984-03-31,M2_GROWTH,7.939658594680421
1984-04-30,M2_GROWTH,8.040027605244982
1984-05-31,M2_GROWTH,7.88018207625667
1984-06-30,M2_GROWTH,7.869491112734361
1984-07-31,M2_GROWTH,7.6859744285160625
1984-08-31,M2_GROWTH,7.540983606557372
1984-09-30,M2_GROWTH,7.738095238095255
1984-10-31,M2_GROWTH,7.607660060975618
1984-11-30,M2_GROWTH,8.005491644179319
1984-12-31,M2_GROWTH,8.613138686131382
1985-01-31,M2_GROWTH,9.082405761855773
1985-02-28,M2_GROWTH,9.077008618293036
1985-03-31,M2_GROWTH,8.780801765354918
1985-04-30,M2_GROWTH,8.381621572295494
1985-05-31,M2_GROWTH,8.411596570028589
1985-06-30,M2_GROWTH,8.916076023655828
1985-07-31,M2_GROWTH,9.264672813132456
1985-08-31,M2_GROWTH,9.5767575322812
1985-09-30,M2_GROWTH,9.445731598645525
1985-10-31,M2_GROWTH,9.256717871530396
1985-11-30,M2_GROWTH,8.608749013763472
1985-12-31,M2_GROWTH,8.051508844953158
1986-01-31,M2_GROWTH,7.275767449837067
1986-02-28,M2_GROWTH,6.745677753706314
1986-03-31,M2_GROWTH,7.053503507733927
1986-04-30,M2_GROWTH,7.678706744127317
1986-05-31,M2_GROWTH,8.173258003766492
1986-06-30,M2_GROWTH,7.974798972063346
1986-07-31,M2_GROWTH,8.112780407491261
1986-08-31,M2_GROWTH,8.285597381342068
1986-09-30,M2_GROWTH,8.606090213320305
1986-10-31,M2_GROWTH,8.889789303079422
1986-11-30,M2_GROWTH,9.020098474453151
1986-12-31,M2_GROWTH,9.465912282813704
1987-01-31,M2_GROWTH,9.663882338835394
1987-02-28,M2_GROWTH,9.335827131998876
1987-03-31,M2_GROWTH,8.70869685365756
1987-04-30,M2_GROWTH,8.206271014152765
1987-05-31,M2_GROWTH,7.277158774373249
1987-06-30,M2_GROWTH,6.510556621881003
1987-07-31,M2_GROWTH,5.802177720246715
1987-08-31,M2_GROWTH,5.354241450972985
1987-09-30,M2_GROWTH,4.936651922932756
1987-10-31,M2_GROWTH,4.740641512242316
1987-11-30,M2_GROWTH,4.353459445452179
1987-12-31,M2_GROWTH,3.607038123167161
1988-01-31,M2_GROWTH,3.772003352891873
1988-02-29,M2_GROWTH,4.473157415832585
1988-03-31,M2_GROWTH,4.975124378109452
1988-04-30,M2_GROWTH,5.166744950681079
1988-05-31,M2_GROWTH,5.521295394713111
1988-06-30,M2_GROWTH,5.903553665393213
1988-07-31,M2_GROWTH,6.052536883771142
1988-08-31,M2_GROWTH,5.8747579083279655
1988-09-30,M2_GROWTH,5.622432577245951
1988-10-31,M2_GROWTH,5.346738667045625
1988-11-30,M2_GROWTH,5.72209017701939
1988-12-31,M2_GROWTH,5.724596660062264
1989-01-31,M2_GROWTH,5.067781133665794
1989-02-28,M2_GROWTH,4.243311036789299
1989-03-31,M2_GROWTH,3.770712976095747
1989-04-30,M2_GROWTH,3.274126498780361
1989-05-31,M2_GROWTH,2.925495557074509
1989-06-30,M2_GROWTH,3.0458753062891475
1989-07-31,M2_GROWTH,3.5694896851248714
1989-08-31,M2_GROWTH,4.146341463414638
1989-09-30,M2_GROWTH,4.585883864858453
1989-10-31,M2_GROWTH,5.018042019357227
1989-11-30,M2_GROWTH,5.137239111469039
1989-12-31,M2_GROWTH,5.498293286928591
1990-01-31,M2_GROWTH,5.852859578166281
1990-02-28,M2_GROWTH,6.249582247176
1990-03-31,M2_GROWTH,6.3473013968063485
1990-04-30,M2_GROWTH,6.506986027944106
1990-05-31,M2_GROWTH,6.275733829193775
1990-06-30,M2_GROWTH,6.136266058984763
1990-07-31,M2_GROWTH,5.638186345171015
1990-08-31,M2_GROWTH,5.451470205568554
1990-09-30,M2_GROWTH,5.241713823767169
1990-10-31,M2_GROWTH,4.662663369833986
1990-11-30,M2_GROWTH,4.126639645102603
1990-12-31,M2_GROWTH,3.784298176050749
1991-01-31,M2_GROWTH,3.817733990147776
1991-02-28,M2_GROWTH,3.941243080020129
1991-03-31,M2_GROWTH,4.131531926898857
1991-04-30,M2_GROWTH,4.085457271364335
1991-05-31,M2_GROWTH,4.449165781415987
1991-06-30,M2_GROWTH,4.300339172915968
1991-07-31,M2_GROWTH,4.081252907427513
1991-08-31,M2_GROWTH,3.4855027760641644
1991-09-30,M2_GROWTH,3.081791925275001
1991-10-31,M2_GROWTH,3.0926886141195986
1991-11-30,M2_GROWTH,3.153926316434741
1991-12-31,M2_GROWTH,3.0686472278256494
1992-01-31,M2_GROWTH,2.843933448915648
1992-02-29,M2_GROWTH,2.8899984869117823
1992-03-31,M2_GROWTH,2.468466841265537
1992-04-30,M2_GROWTH,2.019565478333929
1992-05-31,M2_GROWTH,1.663176787316778
1992-06-30,M2_GROWTH,1.238103762045406
1992-07-31,M2_GROWTH,1.1263073209975882
1992-08-31,M2_GROWTH,1.3055141579731755
1992-09-30,M2_GROWTH,1.651315985573354
1992-10-31,M2_GROWTH,1.8957769114014589
1992-11-30,M2_GROWTH,1.812509285395936
1992-12-31,M2_GROWTH,1.556847162090036
1993-01-31,M2_GROWTH,1.1209038211285938
1993-02-28,M2_GROWTH,0.4264705882352837
1993-03-31,M2_GROWTH,0.2291489174182537
1993-04-30,M2_GROWTH,0.3412065770509231
1993-05-31,M2_GROWTH,1.1269346201377095
1993-06-30,M2_GROWTH,1.4439794895974467
1993-07-31,M2_GROWTH,1.4172485930640244
1993-08-31,M2_GROWTH,1.3798987878074431
1993-09-30,M2_GROWTH,1.2286309122364392
1993-10-31,M2_GROWTH,0.9609206145218652
1993-11-30,M2_GROWTH,1.2724354297388052
1993-12-31,M2_GROWTH,1.4541419686395995
1994-01-31,M2_GROWTH,1.6320084232692933
1994-02-28,M2_GROWTH,1.7923561282764622
1994-03-31,M2_GROWTH,2.004865609520179
1994-04-30,M2_GROWTH,2.052003634977861
1994-05-31,M2_GROWTH,1.5682737350519282
1994-06-30,M2_GROWTH,1.0777364629328323
1994-07-31,M2_GROWTH,1.3422428820453192
1994-08-31,M2_GROWTH,1.1608671677743263
1994-09-30,M2_GROWTH,0.98198250391055
1994-10-31,M2_GROWTH,0.798449388144773
1994-11-30,M2_GROWTH,0.4927811878620236
1994-12-31,M2_GROWTH,0.3424953230680705
1995-01-31,M2_GROWTH,0.503611614722721
1995-02-28,M2_GROWTH,0.4085507955232215
1995-03-31,M2_GROWTH,0.3160828711818553
1995-04-30,M2_GROWTH,0.514175738948075
1995-05-31,M2_GROWTH,0.9568007333562444
1995-06-30,M2_GROWTH,1.994539445322596
1995-07-31,M2_GROWTH,2.2705120119259403
1995-08-31,M2_GROWTH,2.9635367358062936
1995-09-30,M2_GROWTH,3.327500645420378
1995-10-31,M2_GROWTH,3.705191860631985
1995-11-30,M2_GROWTH,3.8053452626749302
1995-12-31,M2_GROWTH,4.10452042221201
1996-01-31,M2_GROWTH,4.45252548390791
1996-02-29,M2_GROWTH,4.925642568554967
1996-03-31,M2_GROWTH,5.608547449228052
1996-04-30,M2_GROWTH,5.67272519433013
1996-05-31,M2_GROWTH,5.260768401339311
1996-06-30,M2_GROWTH,4.891656569641301
1996-07-31,M2_GROWTH,4.756965857487239
1996-08-31,M2_GROWTH,4.318751741432148
1996-09-30,M2_GROWTH,4.200327586685559
1996-10-31,M2_GROWTH,4.411357724027232
1996-11-30,M2_GROWTH,4.839912704770844
1996-12-31,M2_GROWTH,5.210084033613449
1997-01-31,M2_GROWTH,5.118013103429364
1997-02-28,M2_GROWTH,5.038505652957559
1997-03-31,M2_GROWTH,4.727548889310795
1997-04-30,M2_GROWTH,4.84896016442653
1997-05-31,M2_GROWTH,4.841492344188048
1997-06-30,M2_GROWTH,4.92948287441235
1997-07-31,M2_GROWTH,4.998528270584157
1997-08-31,M2_GROWTH,5.699786324786338
1997-09-30,M2_GROWTH,5.853359620610643
1997-10-31,M2_GROWTH,5.817960135708233
1997-11-30,M2_GROWTH,5.789043766962676
1997-12-31,M2_GROWTH,5.612004399518145
1998-01-31,M2_GROWTH,5.778959995827471
1998-02-28,M2_GROWTH,6.307360320307831
1998-03-31,M2_GROWTH,6.554957008184004
1998-04-30,M2_GROWTH,6.7887541913850935
1998-05-31,M2_GROWTH,7.076005348143566
1998-06-30,M2_GROWTH,7.119815668202767
1998-07-31,M2_GROWTH,7.133209307066957
1998-08-31,M2_GROWTH,6.855511194218411
1998-09-30,M2_GROWTH,7.414864966902424
1998-10-31,M2_GROWTH,7.905217543771736
1998-11-30,M2_GROWTH,8.264421639932262
1998-12-31,M2_GROWTH,8.497607180936795
1999-01-31,M2_GROWTH,8.549874266554912
1999-02-28,M2_GROWTH,8.239379784294076
1999-03-31,M2_GROWTH,7.73643147072407
1999-04-30,M2_GROWTH,7.758079319839628
1999-05-31,M2_GROWTH,7.725002401306336
1999-06-30,M2_GROWTH,7.741210774121066
1999-07-31,M2_GROWTH,7.888101241733647
1999-08-31,M2_GROWTH,7.661929198098716
1999-09-30,M2_GROWTH,7.055322539072573
1999-10-31,M2_GROWTH,6.611109821490757
1999-11-30,M2_GROWTH,6.101320572401403
1999-12-31,M2_GROWTH,6.026602066002362
2000-01-31,M2_GROWTH,6.009538950715432
2000-02-29,M2_GROWTH,5.763929685028679
2000-03-31,M2_GROWTH,6.296530253124555
2000-04-30,M2_GROWTH,6.86779934549695
2000-05-31,M2_GROWTH,6.009674327366743
2000-06-30,M2_GROWTH,5.8917480035492575
2000-07-31,M2_GROWTH,5.642280724963622
2000-08-31,M2_GROWTH,5.860258747556402
2000-09-30,M2_GROWTH,6.268604447557347
2000-10-31,M2_GROWTH,6.066148452979747
2000-11-30,M2_GROWTH,5.874062188299578
2000-12-31,M2_GROWTH,6.214299571055992
2001-01-31,M2_GROWTH,6.656525837689609
2001-02-28,M2_GROWTH,7.180243115640161
2001-03-31,M2_GROWTH,7.70634802725132
2001-04-30,M2_GROWTH,7.787658878308656
2001-05-31,M2_GROWTH,8.021952604243321
2001-06-30,M2_GROWTH,8.515585721468067
2001-07-31,M2_GROWTH,8.738755661302777
2001-08-31,M2_GROWTH,8.803817823425675
2001-09-30,M2_GROWTH,10.296177294447206
2001-10-31,M2_GROWTH,9.699669492743212
2001-11-30,M2_GROWTH,10.338542200012292
2001-12-31,M2_GROWTH,10.408718240116889
2002-01-31,M2_GROWTH,9.694072273667697
2002-02-28,M2_GROWTH,9.431931433127373
2002-03-31,M2_GROWTH,8.418065736580749
2002-04-30,M2_GROWTH,7.063493607830162
2002-05-31,M2_GROWTH,7.613096628513594
2002-06-30,M2_GROWTH,7.204494121735094
2002-07-31,M2_GROWTH,7.4088291746641
2002-08-31,M2_GROWTH,7.523170220069408
2002-09-30,M2_GROWTH,5.736587552053174
2002-10-31,M2_GROWTH,6.798532879224517
2002-11-30,M2_GROWTH,6.878886310904875
2002-12-31,M2_GROWTH,6.229206874368165
2003-01-31,M2_GROWTH,6.431174348550628
2003-02-28,M2_GROWTH,6.520709628064547
2003-03-31,M2_GROWTH,6.659396583060695
2003-04-30,M2_GROWTH,7.331746060595035
2003-05-31,M2_GROWTH,7.904780854874005
2003-06-30,M2_GROWTH,8.083481893648825
2003-07-31,M2_GROWTH,8.096854896354543
2003-08-31,M2_GROWTH,8.314562900164946
2003-09-30,M2_GROWTH,7.371562792504815
2003-10-31,M2_GROWTH,6.358746123249981
2003-11-30,M2_GROWTH,5.512234938608218
2003-12-31,M2_GROWTH,5.093954389729039
2004-01-31,M2_GROWTH,4.645480979336214
2004-02-29,M2_GROWTH,4.678362573099415
2004-03-31,M2_GROWTH,4.933201554086297
2004-04-30,M2_GROWTH,4.968249936499869
2004-05-31,M2_GROWTH,5.2034264831609445
2004-06-30,M2_GROWTH,4.593315784212448
2004-07-31,M2_GROWTH,4.000595129854023
2004-08-31,M2_GROWTH,3.450082690638756
2004-09-30,M2_GROWTH,4.482129052420358
2004-10-31,M2_GROWTH,5.103789126853386
2004-11-30,M2_GROWTH,5.444819356431574
2004-12-31,M2_GROWTH,5.773980045441074
2005-01-31,M2_GROWTH,5.733217145393854
2005-02-28,M2_GROWTH,5.179849064000774
2005-03-31,M2_GROWTH,4.715893405219318
2005-04-30,M2_GROWTH,4.241075029440711
2005-05-31,M2_GROWTH,3.239479261277633
2005-06-30,M2_GROWTH,3.724175281543185
2005-07-31,M2_GROWTH,4.01201697636342
2005-08-31,M2_GROWTH,4.091614169489377
2005-09-30,M2_GROWTH,4.060010704952632
2005-10-31,M2_GROWTH,4.139628201511014
2005-11-30,M2_GROWTH,3.971090957338874
2005-12-31,M2_GROWTH,4.098373414273482
2006-01-31,M2_GROWTH,4.654164334141941
2006-02-28,M2_GROWTH,4.904564444237369
2006-03-31,M2_GROWTH,4.978056231875061
2006-04-30,M2_GROWTH,5.340617165495676
2006-05-31,M2_GROWTH,5.165920666769552
2006-06-30,M2_GROWTH,5.222906460678467
2006-07-31,M2_GROWTH,5.350347673263545
2006-08-31,M2_GROWTH,5.303894287061106
2006-09-30,M2_GROWTH,5.178439055384931
2006-10-31,M2_GROWTH,5.385391110642845
2006-11-30,M2_GROWTH,5.652559040341099
2006-12-31,M2_GROWTH,5.865905080893574
2007-01-31,M2_GROWTH,5.768116372713616
2007-02-28,M2_GROWTH,5.619790664278201
2007-03-31,M2_GROWTH,5.892780642016149
2007-04-30,M2_GROWTH,6.372945099825178
2007-05-31,M2_GROWTH,6.470786797188022
2007-06-30,M2_GROWTH,6.363291397880855
2007-07-31,M2_GROWTH,6.166589300220493
2007-08-31,M2_GROWTH,6.782573536844239
2007-09-30,M2_GROWTH,6.625050342327832
2007-10-31,M2_GROWTH,6.089949583672549
2007-11-30,M2_GROWTH,5.9171261297106925
2007-12-31,M2_GROWTH,5.703309275292701
2008-01-31,M2_GROWTH,5.608080581037611
2008-02-29,M2_GROWTH,6.583687257334292
2008-03-31,M2_GROWTH,7.000362713093944
2008-04-30,M2_GROWTH,6.515944590992584
2008-05-31,M2_GROWTH,6.486918644721951
2008-06-30,M2_GROWTH,6.258404456763356
2008-07-31,M2_GROWTH,6.456064601636902
2008-08-31,M2_GROWTH,5.557959647319732
2008-09-30,M2_GROWTH,6.197221098070949
2008-10-31,M2_GROWTH,7.361236386155268
2008-11-30,M2_GROWTH,7.692926907802944
2008-12-31,M2_GROWTH,9.6313419473804
2009-01-31,M2_GROWTH,10.26272031925508
2009-02-28,M2_GROWTH,9.406891109942128
2009-03-31,M2_GROWTH,9.34028683181225
2009-04-30,M2_GROWTH,8.798703403565655
2009-05-31,M2_GROWTH,9.371925645937983
2009-06-30,M2_GROWTH,9.238239130154046
2009-07-31,M2_GROWTH,8.628966012937678
2009-08-31,M2_GROWTH,8.41938046068309
2009-09-30,M2_GROWTH,7.484375793912923
2009-10-31,M2_GROWTH,6.432682541473866
2009-11-30,M2_GROWTH,6.104397657904581
2009-12-31,M2_GROWTH,3.747851841017957
2010-01-31,M2_GROWTH,2.2765110387260368
2010-02-28,M2_GROWTH,2.500210354236532
2010-03-31,M2_GROWTH,1.6347896594486322
2010-04-30,M2_GROWTH,1.9508765239360624
2010-05-31,M2_GROWTH,1.891303318657389
2010-06-30,M2_GROWTH,1.9954369746906009
2010-07-31,M2_GROWTH,2.079517929934416
2010-08-31,M2_GROWTH,2.6574500768049125
2010-09-30,M2_GROWTH,3.038432447764028
2010-10-31,M2_GROWTH,3.3047043438306334
2010-11-30,M2_GROWTH,3.1936127744510934
2010-12-31,M2_GROWTH,3.6535795681492456
2011-01-31,M2_GROWTH,4.379725633131626
2011-02-28,M2_GROWTH,4.52663797450541
2011-03-31,M2_GROWTH,5.256056784184904
2011-04-30,M2_GROWTH,5.6143919203254455
2011-05-31,M2_GROWTH,5.793936577999759
2011-06-30,M2_GROWTH,6.420880611026769
2011-07-31,M2_GROWTH,8.156722032525042
2011-08-31,M2_GROWTH,9.704301384684456
2011-09-30,M2_GROWTH,9.55188273481138
2011-10-31,M2_GROWTH,9.30614479266456
2011-11-30,M2_GROWTH,9.64273523722836
2011-12-31,M2_GROWTH,9.754964185329571
2012-01-31,M2_GROWTH,10.267826873093
2012-02-29,M2_GROWTH,10.058003208688149
2012-03-31,M2_GROWTH,9.835590480967491
2012-04-30,M2_GROWTH,9.657889785392529
2012-05-31,M2_GROWTH,9.262390478490978
2012-06-30,M2_GROWTH,9.14278868668388
2012-07-31,M2_GROWTH,7.815543331692387
2012-08-31,M2_GROWTH,6.448431434267121
2012-09-30,M2_GROWTH,7.062765010731309
2012-10-31,M2_GROWTH,7.38700388130713
2012-11-30,M2_GROWTH,7.527629326000107
2012-12-31,M2_GROWTH,8.263199743904837
2013-01-31,M2_GROWTH,7.691440518160197
2013-02-28,M2_GROWTH,7.316153234520595
2013-03-31,M2_GROWTH,7.407219476552429
2013-04-30,M2_GROWTH,7.101547281407372
2013-05-31,M2_GROWTH,6.980927306710627
2013-06-30,M2_GROWTH,6.802307016843612
2013-07-31,M2_GROWTH,6.633579830264513
2013-08-31,M2_GROWTH,6.46191452452296
2013-09-30,M2_GROWTH,6.218401932310447
2013-10-31,M2_GROWTH,6.741867785939126
2013-11-30,M2_GROWTH,6.115673766394192
2013-12-31,M2_GROWTH,5.494033822645728
2014-01-31,M2_GROWTH,5.925904778218705
2014-02-28,M2_GROWTH,6.357634766088816
2014-03-31,M2_GROWTH,6.130123396133724
2014-04-30,M2_GROWTH,6.28009763176991
2014-05-31,M2_GROWTH,6.544180498022745
2014-06-30,M2_GROWTH,6.491455906122412
2014-07-31,M2_GROWTH,6.610939419890549
2014-08-31,M2_GROWTH,6.259489686331143
2014-09-30,M2_GROWTH,6.049530473209352
2014-10-31,M2_GROWTH,5.523242583945476
2014-11-30,M2_GROWTH,5.807777656517166
2014-12-31,M2_GROWTH,5.9447925425629045
2015-01-31,M2_GROWTH,6.058863693535077
2015-02-28,M2_GROWTH,6.483995427264944
2015-03-31,M2_GROWTH,6.124138667806212
2015-04-30,M2_GROWTH,6.002110359381785
2015-05-31,M2_GROWTH,5.640582572204411
2015-06-30,M2_GROWTH,5.484247374562434
2015-07-31,M2_GROWTH,5.361040775342696
2015-08-31,M2_GROWTH,5.53004626523661
2015-09-30,M2_GROWTH,5.684471877143182
2015-10-31,M2_GROWTH,5.452381157757635
2015-11-30,M2_GROWTH,5.868903749290877
2015-12-31,M2_GROWTH,5.72045470062128
2016-01-31,M2_GROWTH,6.042252566665529
2016-02-29,M2_GROWTH,5.712584292280343
2016-03-31,M2_GROWTH,6.218698880080531
2016-04-30,M2_GROWTH,6.596623893731279
2016-05-31,M2_GROWTH,6.838248794084745
2016-06-30,M2_GROWTH,6.897498170204264
2016-07-31,M2_GROWTH,7.001740283417579
2016-08-31,M2_GROWTH,7.246532364597091
2016-09-30,M2_GROWTH,7.236793467992997
2016-10-31,M2_GROWTH,7.342211170369395
2016-11-30,M2_GROWTH,7.239587561906324
2016-12-31,M2_GROWTH,6.837317059388592
2017-01-31,M2_GROWTH,6.368175100850748
2017-02-28,M2_GROWTH,6.275041852125129
2017-03-31,M2_GROWTH,6.332432987410952
2017-04-30,M2_GROWTH,6.1091405612405
2017-05-31,M2_GROWTH,5.990470239025147
2017-06-30,M2_GROWTH,5.664267652207733
2017-07-31,M2_GROWTH,5.662993052920173
2017-08-31,M2_GROWTH,5.450472297281683
2017-09-30,M2_GROWTH,5.2869037679338815
2017-10-31,M2_GROWTH,5.161246075532677
2017-11-30,M2_GROWTH,4.805923368688814
2017-12-31,M2_GROWTH,4.887078859681604
2018-01-31,M2_GROWTH,4.390306179922932
2018-02-28,M2_GROWTH,4.139666139098752
2018-03-31,M2_GROWTH,4.078403992988511
2018-04-30,M2_GROWTH,3.802776278130704
2018-05-31,M2_GROWTH,3.858087243623287
2018-06-30,M2_GROWTH,4.099259968336955
2018-07-31,M2_GROWTH,3.895742170034677
2018-08-31,M2_GROWTH,3.836410492272435
2018-09-30,M2_GROWTH,3.640570094069884
2018-10-31,M2_GROWTH,3.307947043861992
2018-11-30,M2_GROWTH,3.173330443890632
2018-12-31,M2_GROWTH,3.6386033410893415
2019-01-31,M2_GROWTH,4.02437357467107
2019-02-28,M2_GROWTH,3.993031908411182
2019-03-31,M2_GROWTH,3.8879016891819607
2019-04-30,M2_GROWTH,3.981219586916418
2019-05-31,M2_GROWTH,4.342766313757762
2019-06-30,M2_GROWTH,4.708145884616455
2019-07-31,M2_GROWTH,5.024480408618226
2019-08-31,M2_GROWTH,5.281511896057145
2019-09-30,M2_GROWTH,5.626338141869369
2019-10-31,M2_GROWTH,6.50575873630459
2019-11-30,M2_GROWTH,7.093847144817556
2019-12-31,M2_GROWTH,6.677648955987436
2020-01-31,M2_GROWTH,6.690318609653034
2020-02-29,M2_GROWTH,6.804629712607624
2020-03-31,M2_GROWTH,10.13566889919286
2020-04-30,M2_GROWTH,16.928062926952926
2020-05-31,M2_GROWTH,21.956013166127164
2020-06-30,M2_GROWTH,22.843651201124104
2020-07-31,M2_GROWTH,23.165488889486
2020-08-31,M2_GROWTH,22.95116999679454
2020-09-30,M2_GROWTH,23.629294876055027
2020-10-31,M2_GROWTH,23.53448673283236
2020-11-30,M2_GROWTH,24.195868200836813
2020-12-31,M2_GROWTH,24.552532985828314
2021-01-31,M2_GROWTH,25.61660973222446
2021-02-28,M2_GROWTH,26.77527205132508
2021-03-31,M2_GROWTH,23.95184931079648
2021-04-30,M2_GROWTH,18.224701587431813
2021-05-31,M2_GROWTH,14.086399857245604
2021-06-30,M2_GROWTH,12.608678915328063
2021-07-31,M2_GROWTH,12.532587235620696
2021-08-31,M2_GROWTH,13.195772138698182
2021-09-30,M2_GROWTH,12.785915871522649
2021-10-31,M2_GROWTH,12.811340469996168
2021-11-30,M2_GROWTH,12.311943991156514
2021-12-31,M2_GROWTH,12.46671584090564
2022-01-31,M2_GROWTH,11.718870942773108
2022-02-28,M2_GROWTH,10.604934374649975
2022-03-31,M2_GROWTH,9.629048165368426
2022-04-30,M2_GROWTH,7.901206419699225
2022-05-31,M2_GROWTH,6.161102693191256
2022-06-30,M2_GROWTH,5.733722060252688
2022-07-31,M2_GROWTH,4.941041907983701
2022-08-31,M2_GROWTH,3.8266468976569934
2022-09-30,M2_GROWTH,2.647633573232921
2022-10-31,M2_GROWTH,1.4215030693691677
2022-11-30,M2_GROWTH,0.3308976888718007
2022-12-31,M2_GROWTH,-0.9665655757530645
2023-01-31,M2_GROWTH,-1.71177829099306
2023-02-28,M2_GROWTH,-2.2182022389158784
2023-03-31,M2_GROWTH,-3.8555455596966937
2023-04-30,M2_GROWTH,-4.630790785272964
2023-05-31,M2_GROWTH,-4.096779391790784
2023-06-30,M2_GROWTH,-3.934654892107603
2023-07-31,M2_GROWTH,-3.979162048326312
2023-08-31,M2_GROWTH,-3.979074044976017
2023-09-30,M2_GROWTH,-3.662154946254037
2023-10-31,M2_GROWTH,-3.3949164783449337
2023-11-30,M2_GROWTH,-3.083175670941074
2023-12-31,M2_GROWTH,-2.4099384716546823
2024-01-31,M2_GROWTH,-2.046580260721642
2024-02-29,M2_GROWTH,-1.4852021145888794
2024-03-31,M2_GROWTH,0.1293753699849187
2024-04-30,M2_GROWTH,0.9551379001416116
2024-05-31,M2_GROWTH,0.9169599178096676
2024-06-30,M2_GROWTH,1.293793541128796
2024-07-31,M2_GROWTH,1.4626380391704163
2024-08-31,M2_GROWTH,1.9713917178445504
2024-09-30,M2_GROWTH,2.51448346330696
2024-10-31,M2_GROWTH,2.889127907818012
2024-11-30,M2_GROWTH,3.40153760875328
2024-12-31,M2_GROWTH,3.4074665870949428
2025-01-31,M2_GROWTH,3.378446451959549
2025-02-28,M2_GROWTH,3.2784770205567693
2025-03-31,M2_GROWTH,3.431884389646167
2025-04-30,M2_GROWTH,3.893185494067186
2025-05-31,M2_GROWTH,3.869043371533776
2025-06-30,M2_GROWTH,4.131305652066586
2025-07-31,M2_GROWTH,4.3834408612345
2025-08-31,M2_GROWTH,4.248399947136905
2025-09-30,M2_GROWTH,4.235172430005396
2025-10-31,M2_GROWTH,4.28091262381689
2025-11-30,M2_GROWTH,3.846691714602701
2025-12-31,M2_GROWTH,4.037997011993899
2026-01-31,M2_GROWTH,4.0894556828676265
2026-02-28,M2_GROWTH,4.689198880329415
2026-03-31,M2_GROWTH,4.57598288904153
2026-04-30,M2_GROWTH,4.724532391610836
1997-01-31,MARGIN_M2,0.0269485735148385
1997-02-28,MARGIN_M2,0.0270093336453214
1997-03-31,MARGIN_M2,0.0271508857350046
1997-04-30,MARGIN_M2,0.0265261800361103
1997-05-31,MARGIN_M2,0.0285655147588192
1997-06-30,MARGIN_M2,0.0304257552483358
1997-07-31,MARGIN_M2,0.0308596039654425
1997-08-31,MARGIN_M2,0.0314357911760246
1997-09-30,MARGIN_M2,0.0332138632302232
1997-10-31,MARGIN_M2,0.0336875986273576
1997-11-30,MARGIN_M2,0.0330629172063365
1997-12-31,MARGIN_M2,0.0326216866274889
1998-01-31,MARGIN_M2,0.0327676150091218
1998-02-28,MARGIN_M2,0.0345638191200567
1998-03-31,MARGIN_M2,0.0356162652213013
1998-04-30,MARGIN_M2,0.0354062605671223
1998-05-31,MARGIN_M2,0.0360899529343963
1998-06-30,MARGIN_M2,0.0368913266891326
1998-07-31,MARGIN_M2,0.0382939245444597
1998-08-31,MARGIN_M2,0.036862156218223
1998-09-30,MARGIN_M2,0.0338685943248119
1998-10-31,MARGIN_M2,0.0321267903154669
1998-11-30,MARGIN_M2,0.0342099572079326
1998-12-31,MARGIN_M2,0.0339779687357162
1999-01-31,MARGIN_M2,0.0368662275721099
1999-02-28,MARGIN_M2,0.0368089384969948
1999-03-31,MARGIN_M2,0.0374976311871136
1999-04-30,MARGIN_M2,0.0413164029228493
1999-05-31,MARGIN_M2,0.0423419005372149
1999-06-30,MARGIN_M2,0.0416359804791481
1999-07-31,MARGIN_M2,0.041783084182211
1999-08-31,MARGIN_M2,0.0412098315285435
1999-09-30,MARGIN_M2,0.041529723340921
1999-10-31,MARGIN_M2,0.0422973414331439
1999-11-30,MARGIN_M2,0.0473359642655796
1999-12-31,MARGIN_M2,0.0521559286961395
2000-01-31,MARGIN_M2,0.0557907704173451
2000-02-29,MARGIN_M2,0.0607161016043923
2000-03-31,MARGIN_M2,0.0636570664515992
2000-04-30,MARGIN_M2,0.0563605855950333
2000-05-31,MARGIN_M2,0.0540113968500956
2000-06-30,MARGIN_M2,0.0554028406234288
2000-07-31,MARGIN_M2,0.0550433076618036
2000-08-31,MARGIN_M2,0.0550194003527336
2000-09-30,MARGIN_M2,0.05565332015159
2000-10-31,MARGIN_M2,0.0515191016771703
2000-11-30,MARGIN_M2,0.0487257050402441
2000-12-31,MARGIN_M2,0.0426952268852991
2001-01-31,MARGIN_M2,0.0419193298917301
2001-02-28,MARGIN_M2,0.0396426151086306
2001-03-31,MARGIN_M2,0.0344441160242768
2001-04-30,MARGIN_M2,0.0342659220486077
2001-05-31,MARGIN_M2,0.0356304991045705
2001-06-30,MARGIN_M2,0.0346682496476902
2001-07-31,MARGIN_M2,0.0333358925143953
2001-08-31,MARGIN_M2,0.0322887981997787
2001-09-30,MARGIN_M2,0.0294916995014098
2001-10-31,MARGIN_M2,0.0285128560200606
2001-11-30,MARGIN_M2,0.0295944315545243
2001-12-31,MARGIN_M2,0.0294960022056796
2002-01-31,MARGIN_M2,0.0294651064842791
2002-02-28,MARGIN_M2,0.0282195548431751
2002-03-31,MARGIN_M2,0.0290965103598691
2002-04-30,MARGIN_M2,0.0289111430181203
2002-05-31,MARGIN_M2,0.0285443988206139
2002-06-30,MARGIN_M2,0.0277262168440386
2002-07-31,MARGIN_M2,0.0257156897784131
2002-08-31,MARGIN_M2,0.0246787152155791
2002-09-30,MARGIN_M2,0.0240374052946682
2002-10-31,MARGIN_M2,0.0242937744213348
2002-11-30,MARGIN_M2,0.0242218787447248
2002-12-31,MARGIN_M2,0.0241289753261584
2003-01-31,MARGIN_M2,0.024327007449975
2003-02-28,MARGIN_M2,0.0240272220512294
2003-03-31,MARGIN_M2,0.0245837025424306
2003-04-30,MARGIN_M2,0.024254847176361
2003-05-31,MARGIN_M2,0.0257698690761571
2003-06-30,MARGIN_M2,0.0280365532638032
2003-07-31,MARGIN_M2,0.0288351986245887
2003-08-31,MARGIN_M2,0.0273779699038823
2003-09-30,MARGIN_M2,0.0281582972844054
2003-10-31,MARGIN_M2,0.0289008237232289
2003-11-30,MARGIN_M2,0.0300529997531067
2003-12-31,MARGIN_M2,0.0298756956106556
2004-01-31,MARGIN_M2,0.0311453280939149
2004-02-29,MARGIN_M2,0.031109804305923
2004-03-31,MARGIN_M2,0.0310903067604215
2004-04-30,MARGIN_M2,0.03206665698753
2004-05-31,MARGIN_M2,0.0308878690823334
2004-06-30,MARGIN_M2,0.0309009382118224
2004-07-31,MARGIN_M2,0.0298586892594299
2004-08-31,MARGIN_M2,0.0297299692931083
2004-09-30,MARGIN_M2,0.0304883347501652
2004-10-31,MARGIN_M2,0.0310352989121916
2004-11-30,MARGIN_M2,0.0329382014579398
2004-12-31,MARGIN_M2,0.0338661374426025
2005-01-31,MARGIN_M2,0.0342293338309386
2005-02-28,MARGIN_M2,0.0346573172436285
2005-03-31,MARGIN_M2,0.0351838469053859
2005-04-30,MARGIN_M2,0.0336511498344114
2005-05-31,MARGIN_M2,0.0338638678808458
2005-06-30,MARGIN_M2,0.034423115315509
2005-07-31,MARGIN_M2,0.0356972568197447
2005-08-31,MARGIN_M2,0.0351869592323951
2005-09-30,MARGIN_M2,0.0370144173310539
2005-10-31,MARGIN_M2,0.0361034934300636
2005-11-30,MARGIN_M2,0.0364682390739712
2005-12-31,MARGIN_M2,0.0364989981757827
2006-01-31,MARGIN_M2,0.038007607613557
2006-02-28,MARGIN_M2,0.0369533806090573
2006-03-31,MARGIN_M2,0.0383156308628661
2006-04-30,MARGIN_M2,0.0389551778342564
2006-05-31,MARGIN_M2,0.0375138324258479
2006-06-30,MARGIN_M2,0.0367049534428909
2006-07-31,MARGIN_M2,0.0371382151560868
2006-08-31,MARGIN_M2,0.0360092995047002
2006-09-30,MARGIN_M2,0.0376516023243771
2006-10-31,MARGIN_M2,0.0382350000714112
2006-11-30,MARGIN_M2,0.0419057295515261
2006-12-31,MARGIN_M2,0.0428366830976963
2007-01-31,MARGIN_M2,0.0437612913195566
2007-02-28,MARGIN_M2,0.0450178714099491
2007-03-31,MARGIN_M2,0.0443259116654111
2007-04-30,MARGIN_M2,0.047244603422321
2007-05-31,MARGIN_M2,0.0526992528878229
2007-06-30,MARGIN_M2,0.0560448969510689
2007-07-31,MARGIN_M2,0.0568957601759875
2007-08-31,MARGIN_M2,0.0490175528749932
2007-09-30,MARGIN_M2,0.0484424659382166
2007-10-31,MARGIN_M2,0.0507503937749895
2007-11-30,MARGIN_M2,0.0509274712890415
2007-12-31,MARGIN_M2,0.047474177901896
2008-01-31,MARGIN_M2,0.0486321250415696
2008-02-29,MARGIN_M2,0.0495907417148869
2008-03-31,MARGIN_M2,0.0455565840938722
2008-04-30,MARGIN_M2,0.0430862884927066
2008-05-31,MARGIN_M2,0.0442202143633821
2008-06-30,MARGIN_M2,0.0447955164710288
2008-07-31,MARGIN_M2,0.0440621470376835
2008-08-31,MARGIN_M2,0.0416118783468702
2008-09-30,MARGIN_M2,0.0439186271022813
2008-10-31,MARGIN_M2,0.0348052013191388
2008-11-30,MARGIN_M2,0.0283211660645322
2008-12-31,MARGIN_M2,0.0256176337952636
2009-01-31,MARGIN_M2,0.0247324164555434
2009-02-28,MARGIN_M2,0.0239990143401488
2009-03-31,MARGIN_M2,0.0243211628350662
2009-04-30,MARGIN_M2,0.0247893601554027
2009-05-31,MARGIN_M2,0.025375301803721
2009-06-30,MARGIN_M2,0.0256687905618668
2009-07-31,MARGIN_M2,0.0270259348969102
2009-08-31,MARGIN_M2,0.0279157509157509
2009-09-30,MARGIN_M2,0.0300306088682991
2009-10-31,MARGIN_M2,0.0312685116459901
2009-11-30,MARGIN_M2,0.0294690618762475
2009-12-31,MARGIN_M2,0.0308262258875496
2010-01-31,MARGIN_M2,0.0314301048633473
2010-02-28,MARGIN_M2,0.030919165503735
2010-03-31,MARGIN_M2,0.0325920103243972
2010-04-30,MARGIN_M2,0.0345478561743115
2010-05-31,MARGIN_M2,0.0311959577186665
2010-06-30,MARGIN_M2,0.0305052097217232
2010-07-31,MARGIN_M2,0.0309587360379651
2010-08-31,MARGIN_M2,0.0308902036165241
2010-09-30,MARGIN_M2,0.0330943833369653
2010-10-31,MARGIN_M2,0.0346047169380958
2010-11-30,MARGIN_M2,0.0351962680623506
2010-12-31,MARGIN_M2,0.0355515005893553
2011-01-31,MARGIN_M2,0.0369384111199005
2011-02-28,MARGIN_M2,0.0391526146320666
2011-03-31,MARGIN_M2,0.0396157833138271
2011-04-30,MARGIN_M2,0.0399423360007083
2011-05-31,MARGIN_M2,0.0390583895122861
2011-06-30,MARGIN_M2,0.0376028359525598
2011-07-31,MARGIN_M2,0.03687549495944
2011-08-31,MARGIN_M2,0.0324064631203441
2011-09-30,MARGIN_M2,0.031228288750458
2011-10-31,MARGIN_M2,0.0330775009390259
2011-11-30,MARGIN_M2,0.0315394593472733
2011-12-31,MARGIN_M2,0.0311461291421844
2012-01-31,MARGIN_M2,0.0317541198655407
2012-02-29,MARGIN_M2,0.0329283981324797
2012-03-31,MARGIN_M2,0.0335719867260678
2012-04-30,MARGIN_M2,0.0338276290158159
2012-05-31,MARGIN_M2,0.0316686094418875
2012-06-30,MARGIN_M2,0.0320260237886165
2012-07-31,MARGIN_M2,0.0311206511489403
2012-08-31,MARGIN_M2,0.0315796995741996
2012-09-30,MARGIN_M2,0.033166016369877
2012-10-31,MARGIN_M2,0.0332599782363685
2012-11-30,MARGIN_M2,0.0339166562116986
2012-12-31,MARGIN_M2,0.0338616571761047
2013-01-31,MARGIN_M2,0.0369356020593637
2013-02-28,MARGIN_M2,0.0370791735929707
2013-03-31,MARGIN_M2,0.0381652147621837
2013-04-30,MARGIN_M2,0.0385133772487819
2013-05-31,MARGIN_M2,0.0377232977334422
2013-06-30,MARGIN_M2,0.0380892808759915
2013-07-31,MARGIN_M2,0.0383606694716461
2013-08-31,MARGIN_M2,0.0383699959263785
2013-09-30,MARGIN_M2,0.0398501196832995
2013-10-31,MARGIN_M2,0.0405069950756851
2013-11-30,MARGIN_M2,0.0415055112954272
2013-12-31,MARGIN_M2,0.0432638041247366
2014-01-31,MARGIN_M2,0.0438017932224098
2014-02-28,MARGIN_M2,0.0448425442983709
2014-03-31,MARGIN_M2,0.0434389188611719
2014-04-30,MARGIN_M2,0.0421358078331574
2014-05-31,MARGIN_M2,0.0419086997919385
2014-06-30,MARGIN_M2,0.0440661162825383
2014-07-31,MARGIN_M2,0.0435406443726534
2014-08-31,MARGIN_M2,0.0436513814224599
2014-09-30,MARGIN_M2,0.0437448238143605
2014-10-31,MARGIN_M2,0.0425156342997127
2014-11-30,MARGIN_M2,0.0426622371972288
2014-12-31,MARGIN_M2,0.0423086638902164
2015-01-31,MARGIN_M2,0.0411574560363229
2015-02-28,MARGIN_M2,0.0423493642432985
2015-03-31,MARGIN_M2,0.0434591669812507
2015-04-30,MARGIN_M2,0.0460043832499623
2015-05-31,MARGIN_M2,0.0452047969555856
2015-06-30,MARGIN_M2,0.0455749717213387
2015-07-31,MARGIN_M2,0.0439830943896577
2015-08-31,MARGIN_M2,0.0425990752972258
2015-09-30,MARGIN_M2,0.040847961622816
2015-10-31,MARGIN_M2,0.0420394758367961
2015-11-30,MARGIN_M2,0.0418454169034667
2015-12-31,MARGIN_M2,0.0406399793346733
2016-01-31,MARGIN_M2,0.038918400766865
2016-02-29,MARGIN_M2,0.0376197843524623
2016-03-31,MARGIN_M2,0.0382180258730986
2016-04-30,MARGIN_M2,0.0388582145771862
2016-05-31,MARGIN_M2,0.0382648804874238
2016-06-30,MARGIN_M2,0.0379409453413732
2016-07-31,MARGIN_M2,0.0397479069695397
2016-08-31,MARGIN_M2,0.0392739632170104
2016-09-30,MARGIN_M2,0.0414108878658587
2016-10-31,MARGIN_M2,0.0399122138567988
2016-11-30,MARGIN_M2,0.040880026043441
2016-12-31,MARGIN_M2,0.039998186612668
2017-01-31,MARGIN_M2,0.0415717536441944
2017-02-28,MARGIN_M2,0.042452070952907
2017-03-31,MARGIN_M2,0.0429063549125048
2017-04-30,MARGIN_M2,0.0436925090780005
2017-05-31,MARGIN_M2,0.0429485072481925
2017-06-30,MARGIN_M2,0.0430218327749346
2017-07-31,MARGIN_M2,0.0435688369945247
2017-08-31,MARGIN_M2,0.043552348204443
2017-09-30,MARGIN_M2,0.0441127383576692
2017-10-31,MARGIN_M2,0.0440459127107774
2017-11-30,MARGIN_M2,0.045322497923213
2017-12-31,MARGIN_M2,0.0463054236873005
2018-01-31,MARGIN_M2,0.0478922037653863
2018-02-28,MARGIN_M2,0.0462434674141354
2018-03-31,MARGIN_M2,0.0460464435833208
2018-04-30,MARGIN_M2,0.0464738990730911
2018-05-31,MARGIN_M2,0.0474681388549856
2018-06-30,MARGIN_M2,0.0457609003197238
2018-07-31,MARGIN_M2,0.04605350415532
2018-08-31,MARGIN_M2,0.0458683699870633
2018-09-30,MARGIN_M2,0.0454968937559229
2018-10-31,MARGIN_M2,0.0426220136638469
2018-11-30,MARGIN_M2,0.0414899739546867
2018-12-31,MARGIN_M2,0.0385273306086134
2019-01-31,MARGIN_M2,0.0393115348174581
2019-02-28,MARGIN_M2,0.0400656955943279
2019-03-31,MARGIN_M2,0.0394307401682981
2019-04-30,MARGIN_M2,0.040337999410745
2019-05-31,MARGIN_M2,0.0386789668398574
2019-06-30,MARGIN_M2,0.0402831896668197
2019-07-31,MARGIN_M2,0.040447846414273
2019-08-31,MARGIN_M2,0.0377239822630622
2019-09-30,MARGIN_M2,0.0369449059613211
2019-10-31,MARGIN_M2,0.0365253126625878
2019-11-30,MARGIN_M2,0.0368385198744769
2019-12-31,MARGIN_M2,0.0377404137481674
2020-01-31,MARGIN_M2,0.0364172138639148
2020-02-29,MARGIN_M2,0.0351844656434352
2020-03-31,MARGIN_M2,0.0298940310609368
2020-04-30,MARGIN_M2,0.0307463683615289
2020-05-31,MARGIN_M2,0.0308116924758404
2020-06-30,MARGIN_M2,0.0321527911440088
2020-07-31,MARGIN_M2,0.0334778624955005
2020-08-31,MARGIN_M2,0.0350627335534891
2020-09-30,MARGIN_M2,0.0351739819916677
2020-10-31,MARGIN_M2,0.0351491128929074
2020-11-30,MARGIN_M2,0.038012212454598
2020-12-31,MARGIN_M2,0.0407014652876954
2021-01-31,MARGIN_M2,0.041209814747923
2021-02-28,MARGIN_M2,0.0414259385596024
2021-03-31,MARGIN_M2,0.041389962361371
2021-04-30,MARGIN_M2,0.041991038591552
2021-05-31,MARGIN_M2,0.042114766117601
2021-06-30,MARGIN_M2,0.0430775353931953
2021-07-31,MARGIN_M2,0.0409204538294892
2021-08-31,MARGIN_M2,0.0437386939978023
2021-09-30,MARGIN_M2,0.0430445164672799
2021-10-31,MARGIN_M2,0.0442264197309162
2021-11-30,MARGIN_M2,0.0430541013034369
2021-12-31,MARGIN_M2,0.0423289206839451
2022-01-31,MARGIN_M2,0.0383204157043879
2022-02-28,MARGIN_M2,0.038447074311386
2022-03-31,MARGIN_M2,0.0367038757412745
2022-04-30,MARGIN_M2,0.0355056386228438
2022-05-31,MARGIN_M2,0.034666728055434
2022-06-30,MARGIN_M2,0.0315661487584983
2022-07-31,MARGIN_M2,0.0321797180965048
2022-08-31,MARGIN_M2,0.031785777005481
2022-09-30,MARGIN_M2,0.030831797181529
2022-10-31,MARGIN_M2,0.030268993313608
2022-11-30,MARGIN_M2,0.0300741830752341
2022-12-31,MARGIN_M2,0.0284936827767601
2023-01-31,MARGIN_M2,0.0301337443724917
2023-02-28,MARGIN_M2,0.0293923616831976
2023-03-31,MARGIN_M2,0.0308127733114365
2023-04-30,MARGIN_M2,0.0304386505726974
2023-05-31,MARGIN_M2,0.0309255534165158
2023-06-30,MARGIN_M2,0.0327524483997057
2023-07-31,MARGIN_M2,0.0341410789180037
2023-08-31,MARGIN_M2,0.0331702539321949
2023-09-30,MARGIN_M2,0.0328153346378893
2023-10-31,MARGIN_M2,0.0306409619493655
2023-11-30,MARGIN_M2,0.031855349095028
2023-12-31,MARGIN_M2,0.0337268925156055
2024-01-31,MARGIN_M2,0.033677718661095
2024-02-29,MARGIN_M2,0.0355019257050565
2024-03-31,MARGIN_M2,0.0373862753231397
2024-04-30,MARGIN_M2,0.0369978577937661
2024-05-31,MARGIN_M2,0.0385063770473866
2024-06-30,MARGIN_M2,0.0384140228968502
2024-07-31,MARGIN_M2,0.0384367607950586
2024-08-31,MARGIN_M2,0.0376254082730756
2024-09-30,MARGIN_M2,0.038233667928254
2024-10-31,MARGIN_M2,0.0382229899821394
2024-11-30,MARGIN_M2,0.0415273025610426
2024-12-31,MARGIN_M2,0.0418492127395175
2025-01-31,MARGIN_M2,0.0434958534627182
2025-02-28,MARGIN_M2,0.0424801165937955
2025-03-31,MARGIN_M2,0.0405793387020194
2025-04-30,MARGIN_M2,0.0390599613330455
2025-05-31,MARGIN_M2,0.042180086104241
2025-06-30,MARGIN_M2,0.0459442175506408
2025-07-31,MARGIN_M2,0.0464372388737511
2025-08-31,MARGIN_M2,0.0479797074283851
2025-09-30,MARGIN_M2,0.0508109497841707
2025-10-31,MARGIN_M2,0.0532096506646407
2025-11-30,MARGIN_M2,0.0545090989074128
2025-12-31,MARGIN_M2,0.0548279687744648
2026-01-31,MARGIN_M2,0.0570254978978389
2026-02-28,MARGIN_M2,0.0553848057630264
2026-03-31,MARGIN_M2,0.0538173531278651
2026-04-30,MARGIN_M2,0.0571940187243745
1989-01-31,MCAP_M2,0.9751178292494652
1989-02-28,MCAP_M2,0.9551033043987284
1989-03-31,MCAP_M2,0.971787201506609
1989-04-30,MCAP_M2,1.0156786037300398
1989-05-31,MCAP_M2,1.0501428169152196
1989-06-30,MCAP_M2,1.0360348788816094
1989-07-31,MCAP_M2,1.1064735625552844
1989-08-31,MCAP_M2,1.1191907649917463
1989-09-30,MCAP_M2,1.1080549432851656
1989-10-31,MCAP_M2,1.0662310451354324
1989-11-30,MCAP_M2,1.0747901230581576
1989-12-31,MCAP_M2,1.0848151888382236
1990-01-31,MCAP_M2,0.9988947987963006
1990-02-28,MCAP_M2,1.0069199645105291
1990-03-31,MCAP_M2,1.026130830048431
1990-04-30,MCAP_M2,0.9908577205537856
1990-05-31,MCAP_M2,1.077447972401659
1990-06-30,MCAP_M2,1.0655537595878584
1990-07-31,MCAP_M2,1.0495767118690882
1990-08-31,MCAP_M2,0.9418877537496144
1990-09-30,MCAP_M2,0.8846986074757651
1990-10-31,MCAP_M2,0.8695087872347973
1990-11-30,MCAP_M2,0.9241157419025472
1990-12-31,MCAP_M2,0.9479063840766168
1991-01-31,MCAP_M2,0.987118684081957
1991-02-28,MCAP_M2,1.0545771213969586
1991-03-31,MCAP_M2,1.0788012649011107
1991-04-30,MCAP_M2,1.076677446247449
1991-05-31,MCAP_M2,1.112563580265667
1991-06-30,MCAP_M2,1.057749327457002
1991-07-31,MCAP_M2,1.1042251102702914
1991-08-31,MCAP_M2,1.1311594751304024
1991-09-30,MCAP_M2,1.1159736446596769
1991-10-31,MCAP_M2,1.133025826054284
1991-11-30,MCAP_M2,1.0845312703118035
1991-12-31,MCAP_M2,1.19835718452531
1992-01-31,MCAP_M2,1.191225014649015
1992-02-29,MCAP_M2,1.1974264705882354
1992-03-31,MCAP_M2,1.163826801265644
1992-04-30,MCAP_M2,1.1791363828977557
1992-05-31,MCAP_M2,1.183284296406057
1992-06-30,MCAP_M2,1.15822775921642
1992-07-31,MCAP_M2,1.2032912276897525
1992-08-31,MCAP_M2,1.1724726374014358
1992-09-30,MCAP_M2,1.1800604367421854
1992-10-31,MCAP_M2,1.188089266106921
1992-11-30,MCAP_M2,1.2325726415438494
1992-12-31,MCAP_M2,1.2525886163386577
1993-01-31,MCAP_M2,1.2684390400617125
1993-02-28,MCAP_M2,1.2718905014460389
1993-03-31,MCAP_M2,1.3026643036279568
1993-04-30,MCAP_M2,1.2652420242099784
1993-05-31,MCAP_M2,1.2914399036013555
1993-06-30,MCAP_M2,1.2925778015973597
1993-07-31,MCAP_M2,1.2909005767449884
1993-08-31,MCAP_M2,1.335447022285022
1993-09-30,MCAP_M2,1.3330165818173918
1993-10-31,MCAP_M2,1.3518008561724333
1993-11-30,MCAP_M2,1.3209474724701735
1993-12-31,MCAP_M2,1.3405756448769608
1994-01-31,MCAP_M2,1.3807792524155371
1994-02-28,MCAP_M2,1.3460281775523637
1994-03-31,MCAP_M2,1.280908577743815
1994-04-30,MCAP_M2,1.2911039596828051
1994-05-31,MCAP_M2,1.2964134351814054
1994-06-30,MCAP_M2,1.263175805386909
1994-07-31,MCAP_M2,1.2957398671771976
1994-08-31,MCAP_M2,1.3500760136952406
1994-09-30,MCAP_M2,1.3211955549808525
1994-10-31,MCAP_M2,1.3414976252852078
1994-11-30,MCAP_M2,1.2877323004487842
1994-12-31,MCAP_M2,1.3023807128233995
1995-01-31,MCAP_M2,1.326136726132101
1995-02-28,MCAP_M2,1.3765150584096248
1995-03-31,MCAP_M2,1.4094182125619432
1995-04-30,MCAP_M2,1.4391547029946132
1995-05-31,MCAP_M2,1.473469100700159
1995-06-30,MCAP_M2,1.5071627883375835
1995-07-31,MCAP_M2,1.559079403285656
1995-08-31,MCAP_M2,1.560958424395723
1995-09-30,MCAP_M2,1.6120124046563116
1995-10-31,MCAP_M2,1.5887723798050313
1995-11-30,MCAP_M2,1.6492141314331887
1995-12-31,MCAP_M2,1.6688800648333104
1996-01-31,MCAP_M2,1.7028481658539845
1996-02-29,MCAP_M2,1.7224452455076738
1996-03-31,MCAP_M2,1.7266240301388025
1996-04-30,MCAP_M2,1.7618492682106446
1996-05-31,MCAP_M2,1.800018896284303
1996-06-30,MCAP_M2,1.7764325102837475
1996-07-31,MCAP_M2,1.6716249993728427
1996-08-31,MCAP_M2,1.718488253079928
1996-09-30,MCAP_M2,1.8025390052602304
1996-10-31,MCAP_M2,1.8159801945835985
1996-11-30,MCAP_M2,1.9214671961871888
1996-12-31,MCAP_M2,1.8850599798519088
1997-01-31,MCAP_M2,1.975640233417436
1997-02-28,MCAP_M2,1.9653744954566723
1997-03-31,MCAP_M2,1.8682093093225556
1997-04-30,MCAP_M2,1.939460933469822
1997-05-31,MCAP_M2,2.0668775069423018
1997-06-30,MCAP_M2,2.14973633312532
1997-07-31,MCAP_M2,2.301646241621856
1997-08-31,MCAP_M2,2.19335434091828
1997-09-30,MCAP_M2,2.3105912161630715
1997-10-31,MCAP_M2,2.2205871302256845
1997-11-30,MCAP_M2,2.277181849033576
1997-12-31,MCAP_M2,2.3055841775614323
1998-01-31,MCAP_M2,2.30284497921392
1998-02-28,MCAP_M2,2.447220628943603
1998-03-31,MCAP_M2,2.550791076626036
1998-04-30,MCAP_M2,2.562584018057702
1998-05-31,MCAP_M2,2.4767504772596296
1998-06-30,MCAP_M2,2.5486031288837503
1998-07-31,MCAP_M2,2.4787715318580807
1998-08-31,MCAP_M2,2.077638508510298
1998-09-30,MCAP_M2,2.1901280713997
1998-10-31,MCAP_M2,2.3287890688473505
1998-11-30,MCAP_M2,2.450237011759191
1998-12-31,MCAP_M2,2.586522955423256
1999-01-31,MCAP_M2,2.6629184824267544
1999-02-28,MCAP_M2,2.550065542529034
1999-03-31,MCAP_M2,2.641264702854983
1999-04-30,MCAP_M2,2.747872943820886
1999-05-31,MCAP_M2,2.6697465504558524
1999-06-30,MCAP_M2,2.7913929923192105
1999-07-31,MCAP_M2,2.6877099801009834
1999-08-31,MCAP_M2,2.6450744544446154
1999-09-30,MCAP_M2,2.5638679313359085
1999-10-31,MCAP_M2,2.7106931414255238
1999-11-30,MCAP_M2,2.7867491407910143
1999-12-31,MCAP_M2,2.977317681950941
2000-01-31,MCAP_M2,2.834565969060652
2000-02-29,MCAP_M2,2.886410732978701
2000-03-31,MCAP_M2,3.034187169705202
2000-04-30,MCAP_M2,2.840240822876903
2000-05-31,MCAP_M2,2.74469793320384
2000-06-30,MCAP_M2,2.852878330819507
2000-07-31,MCAP_M2,2.78219054751581
2000-08-31,MCAP_M2,2.9629712706841995
2000-09-30,MCAP_M2,2.80386597423896
2000-10-31,MCAP_M2,2.733290843819925
2000-11-30,MCAP_M2,2.4527905122934035
2000-12-31,MCAP_M2,2.470955410912513
2001-01-31,MCAP_M2,2.5372838823619506
2001-02-28,MCAP_M2,2.2773151363489137
2001-03-31,MCAP_M2,2.0977870279370614
2001-04-30,MCAP_M2,2.2401704502612323
2001-05-31,MCAP_M2,2.2600287562412404
2001-06-30,MCAP_M2,2.2021100732852648
2001-07-31,MCAP_M2,2.1513454444577733
2001-08-31,MCAP_M2,2.005242351681986
2001-09-30,MCAP_M2,1.7857650081814531
2001-10-31,MCAP_M2,1.8333134382953145
2001-11-30,MCAP_M2,1.9547935397331784
2001-12-31,MCAP_M2,1.968142576509512
2002-01-31,MCAP_M2,1.9346060960075264
2002-02-28,MCAP_M2,1.8820606987791884
2002-03-31,MCAP_M2,1.958513310500727
2002-04-30,MCAP_M2,1.8613219838788824
2002-05-31,MCAP_M2,1.8281370827153007
2002-06-30,MCAP_M2,1.6898115126929032
2002-07-31,MCAP_M2,1.5398392476210687
2002-08-31,MCAP_M2,1.5348668994311228
2002-09-30,MCAP_M2,1.3728749594356533
2002-10-31,MCAP_M2,1.4643725031101609
2002-11-30,MCAP_M2,1.536393942609107
2002-12-31,MCAP_M2,1.4436084073930686
2003-01-31,MCAP_M2,1.397957678673586
2003-02-28,MCAP_M2,1.3632570872501368
2003-03-31,MCAP_M2,1.372070728525876
2003-04-30,MCAP_M2,1.4735364874375585
2003-05-31,MCAP_M2,1.5454192829258375
2003-06-30,MCAP_M2,1.556499270579954
2003-07-31,MCAP_M2,1.5796053015634557
2003-08-31,MCAP_M2,1.5998689345700086
2003-09-30,MCAP_M2,1.5871966852805235
2003-10-31,MCAP_M2,1.684434848640857
2003-11-30,MCAP_M2,1.7039288497345897
2003-12-31,MCAP_M2,1.7780680764616057
2004-01-31,MCAP_M2,1.813386855742671
2004-02-29,MCAP_M2,1.8250987697143808
2004-03-31,MCAP_M2,1.7927247798559576
2004-04-30,MCAP_M2,1.7412218548855445
2004-05-31,MCAP_M2,1.741058424010469
2004-06-30,MCAP_M2,1.7743051269134584
2004-07-31,MCAP_M2,1.701077775051263
2004-08-31,MCAP_M2,1.6966587088266485
2004-09-30,MCAP_M2,1.7152294431456818
2004-10-31,MCAP_M2,1.7349995603800277
2004-11-30,MCAP_M2,1.8058067900445651
2004-12-31,MCAP_M2,1.8633574050023347
2005-01-31,MCAP_M2,1.810438874245817
2005-02-28,MCAP_M2,1.8424700599093011
2005-03-31,MCAP_M2,1.8048585722205848
2005-04-30,MCAP_M2,1.758568747291776
2005-05-31,MCAP_M2,1.819387184798966
2005-06-30,MCAP_M2,1.8239077713001213
2005-07-31,MCAP_M2,1.889021100376328
2005-08-31,MCAP_M2,1.8577513013111475
2005-09-30,MCAP_M2,1.8591639711388632
2005-10-31,MCAP_M2,1.8156866049120248
2005-11-30,MCAP_M2,1.879970561934181
2005-12-31,MCAP_M2,1.871720211383041
2006-01-31,MCAP_M2,1.9247306700959124
2006-02-28,MCAP_M2,1.913078231638711
2006-03-31,MCAP_M2,1.943397460547989
2006-04-30,MCAP_M2,1.951098104496908
2006-05-31,MCAP_M2,1.8846867971421548
2006-06-30,MCAP_M2,1.8753159810651945
2006-07-31,MCAP_M2,1.8552962054478064
2006-08-31,MCAP_M2,1.8862601318482768
2006-09-30,MCAP_M2,1.9196205233534465
2006-10-31,MCAP_M2,1.9751018056329177
2006-11-30,MCAP_M2,2.006012328900344
2006-12-31,MCAP_M2,2.0137497782075817
2007-01-31,MCAP_M2,2.0414874228221627
2007-02-28,MCAP_M2,2.000421954720505
2007-03-31,MCAP_M2,2.010165666589939
2007-04-30,MCAP_M2,2.0650419999965477
2007-05-31,MCAP_M2,2.1313594348758027
2007-06-30,MCAP_M2,2.087138833478553
2007-07-31,MCAP_M2,2.006184179738205
2007-08-31,MCAP_M2,2.0078568988089605
2007-09-30,MCAP_M2,2.07230804414542
2007-10-31,MCAP_M2,2.1100093363797607
2007-11-30,MCAP_M2,2.0034171302290167
2007-12-31,MCAP_M2,1.980194828648833
2008-01-31,MCAP_M2,1.848573380861324
2008-02-29,MCAP_M2,1.769589684499934
2008-03-31,MCAP_M2,1.738202055492177
2008-04-30,MCAP_M2,1.8140836456645055
2008-05-31,MCAP_M2,1.846005251077642
2008-06-30,MCAP_M2,1.6882371981898656
2008-07-31,MCAP_M2,1.6617324222760936
2008-08-31,MCAP_M2,1.681376698656768
2008-09-30,MCAP_M2,1.508486631300493
2008-10-31,MCAP_M2,1.224923152445485
2008-11-30,MCAP_M2,1.1143913948626512
2008-12-31,MCAP_M2,1.1075566348403962
2009-01-31,MCAP_M2,1.0056266918129448
2009-02-28,MCAP_M2,0.8983893133849904
2009-03-31,MCAP_M2,0.96741630934832
2009-04-30,MCAP_M2,1.068109109838102
2009-05-31,MCAP_M2,1.1135125265187829
2009-06-30,MCAP_M2,1.114527220595971
2009-07-31,MCAP_M2,1.2002587166582974
2009-08-31,MCAP_M2,1.2421493052478436
2009-09-30,MCAP_M2,1.2935036342491373
2009-10-31,MCAP_M2,1.2553717322968578
2009-11-30,MCAP_M2,1.3158647090011155
2009-12-31,MCAP_M2,1.3566892408836728
2010-01-31,MCAP_M2,1.3153509077491536
2010-02-28,MCAP_M2,1.350047467032355
2010-03-31,MCAP_M2,1.4339403331597935
2010-04-30,MCAP_M2,1.458503993189496
2010-05-31,MCAP_M2,1.331884124716866
2010-06-30,MCAP_M2,1.2544129293022217
2010-07-31,MCAP_M2,1.3390092154855604
2010-08-31,MCAP_M2,1.266253073599489
2010-09-30,MCAP_M2,1.378712431684196
2010-10-31,MCAP_M2,1.42432593977379
2010-11-30,MCAP_M2,1.426900702404995
2010-12-31,MCAP_M2,1.5141989389478872
2011-01-31,MCAP_M2,1.5388563502938186
2011-02-28,MCAP_M2,1.5787754938546892
2011-03-31,MCAP_M2,1.5717762280206766
2011-04-30,MCAP_M2,1.6043298107865436
2011-05-31,MCAP_M2,1.5686894277775645
2011-06-30,MCAP_M2,1.5272159750697007
2011-07-31,MCAP_M2,1.4663074127868088
2011-08-31,MCAP_M2,1.3488826141341412
2011-09-30,MCAP_M2,1.2398136500157044
2011-10-31,MCAP_M2,1.3763041822844937
2011-11-30,MCAP_M2,1.359531975594095
2011-12-31,MCAP_M2,1.362013198130402
2012-01-31,MCAP_M2,1.4182862909424447
2012-02-29,MCAP_M2,1.4679534830603072
2012-03-31,MCAP_M2,1.502486285569673
2012-04-30,MCAP_M2,1.4826387596578925
2012-05-31,MCAP_M2,1.3807343925854654
2012-06-30,MCAP_M2,1.422753804906402
2012-07-31,MCAP_M2,1.4263943581257137
2012-08-31,MCAP_M2,1.4469898358032052
2012-09-30,MCAP_M2,1.471151235411105
2012-10-31,MCAP_M2,1.4353367115845188
2012-11-30,MCAP_M2,1.432945699057364
2012-12-31,MCAP_M2,1.4302677685733634
2013-01-31,MCAP_M2,1.5059059164775268
2013-02-28,MCAP_M2,1.519206857783187
2013-03-31,MCAP_M2,1.5682618645358946
2013-04-30,MCAP_M2,1.5892755173140898
2013-05-31,MCAP_M2,1.6167666812846957
2013-06-30,MCAP_M2,1.5875561596657106
2013-07-31,MCAP_M2,1.6653377727408123
2013-08-31,MCAP_M2,1.6064955817987816
2013-09-30,MCAP_M2,1.6555357841557723
2013-10-31,MCAP_M2,1.703204893537861
2013-11-30,MCAP_M2,1.7463313450380151
2013-12-31,MCAP_M2,1.7817225248302455
2014-01-31,MCAP_M2,1.716430106944245
2014-02-28,MCAP_M2,1.7814768365738427
2014-03-31,MCAP_M2,1.78017642982257
2014-04-30,MCAP_M2,1.7698502215655674
2014-05-31,MCAP_M2,1.7939441416030435
2014-06-30,MCAP_M2,1.830369994505663
2014-07-31,MCAP_M2,1.7821366058565442
2014-08-31,MCAP_M2,1.850071887824227
2014-09-30,MCAP_M2,1.8022641471555936
2014-10-31,MCAP_M2,1.8335682633958992
2014-11-30,MCAP_M2,1.8678705615770743
2014-12-31,MCAP_M2,1.8493428155082952
2015-01-31,MCAP_M2,1.7839968364047198
2015-02-28,MCAP_M2,1.863013708503875
2015-03-31,MCAP_M2,1.8411903994169707
2015-04-30,MCAP_M2,1.8431640592324288
2015-05-31,MCAP_M2,1.857668554299568
2015-06-30,MCAP_M2,1.8166336748952023
2015-07-31,MCAP_M2,1.838077407651032
2015-08-31,MCAP_M2,1.7175496150511889
2015-09-30,MCAP_M2,1.6526568558042205
2015-10-31,MCAP_M2,1.7708102743206655
2015-11-30,MCAP_M2,1.7584274402248925
2015-12-31,MCAP_M2,1.708752845518611
2016-01-31,MCAP_M2,1.591732205086472
2016-02-29,MCAP_M2,1.576021670375836
2016-03-31,MCAP_M2,1.6762482674264323
2016-04-30,MCAP_M2,1.6775684163907023
2016-05-31,MCAP_M2,1.6951625295364006
2016-06-30,MCAP_M2,1.6892729709686831
2016-07-31,MCAP_M2,1.7462898505932511
2016-08-31,MCAP_M2,1.7368546389158332
2016-09-30,MCAP_M2,1.729363681213567
2016-10-31,MCAP_M2,1.681995476146478
2016-11-30,MCAP_M2,1.7406005369567026
2016-12-31,MCAP_M2,1.77000652630545
2017-01-31,MCAP_M2,1.7909092978589185
2017-02-28,MCAP_M2,1.8372643908457011
2017-03-31,MCAP_M2,1.82898487054911
2017-04-30,MCAP_M2,1.83989294753988
2017-05-31,MCAP_M2,1.8454952018033888
2017-06-30,MCAP_M2,1.8578410335591475
2017-07-31,MCAP_M2,1.882650530533749
2017-08-31,MCAP_M2,1.8731583358885069
2017-09-30,MCAP_M2,1.9085594025325388
2017-10-31,MCAP_M2,1.939130111602452
2017-11-30,MCAP_M2,1.986013714694622
2017-12-31,MCAP_M2,2.0022165816776765
2018-01-31,MCAP_M2,2.103370464576304
2018-02-28,MCAP_M2,2.0156580997792006
2018-03-31,MCAP_M2,1.956134128549459
2018-04-30,MCAP_M2,1.9607541531893216
2018-05-31,MCAP_M2,2.0023885879977863
2018-06-30,MCAP_M2,2.0084692060220557
2018-07-31,MCAP_M2,2.06677789849449
2018-08-31,MCAP_M2,2.128531504645579
2018-09-30,MCAP_M2,2.124166951844442
2018-10-31,MCAP_M2,1.9626629344040651
2018-11-30,MCAP_M2,1.9918271725869576
2018-12-31,MCAP_M2,1.789815713231921
2019-01-31,MCAP_M2,1.9358914884990697
2019-02-28,MCAP_M2,1.992465396500141
2019-03-31,MCAP_M2,2.010435181607419
2019-04-30,MCAP_M2,2.0836344379295224
2019-05-31,MCAP_M2,1.9293130372541556
2019-06-30,MCAP_M2,2.0447517213804147
2019-07-31,MCAP_M2,2.0612099519372866
2019-08-31,MCAP_M2,1.998433967930268
2019-09-30,MCAP_M2,2.017140953138499
2019-10-31,MCAP_M2,2.038028652299116
2019-11-30,MCAP_M2,2.093740806419979
2019-12-31,MCAP_M2,2.1428075114025087
2020-01-31,MCAP_M2,2.12860430063006
2020-02-29,MCAP_M2,1.944380853298824
2020-03-31,MCAP_M2,1.6154138144763923
2020-04-30,MCAP_M2,1.7207719896148912
2020-05-31,MCAP_M2,1.7245977539884791
2020-06-30,MCAP_M2,1.7394406034670018
2020-07-31,MCAP_M2,1.8212523656424184
2020-08-31,MCAP_M2,1.94488464392598
2020-09-30,MCAP_M2,1.8535288015723688
2020-10-31,MCAP_M2,1.7979276983062866
2020-11-30,MCAP_M2,1.9918749506501023
2020-12-31,MCAP_M2,2.064097059288961
2021-01-31,MCAP_M2,2.032931104546158
2021-02-28,MCAP_M2,2.0623710498783208
2021-03-31,MCAP_M2,2.100410155070648
2021-04-30,MCAP_M2,2.174434699869643
2021-05-31,MCAP_M2,2.148998454225524
2021-06-30,MCAP_M2,2.2031371324552795
2021-07-31,MCAP_M2,2.2152539826397137
2021-08-31,MCAP_M2,2.254225093506936
2021-09-30,MCAP_M2,2.1376498379486204
2021-10-31,MCAP_M2,2.258672437289409
2021-11-30,MCAP_M2,2.1998639909729607
2021-12-31,MCAP_M2,2.2541332612169054
2022-01-31,MCAP_M2,2.0977583718244803
2022-02-28,MCAP_M2,2.037266669313412
2022-03-31,MCAP_M2,2.093316681430958
2022-04-30,MCAP_M2,1.8991694228163256
2022-05-31,MCAP_M2,1.8916134550749328
2022-06-30,MCAP_M2,1.7349722171865762
2022-07-31,MCAP_M2,1.8990420696168624
2022-08-31,MCAP_M2,1.8282879063415625
2022-09-30,MCAP_M2,1.664008630696724
2022-10-31,MCAP_M2,1.8033455257088276
2022-11-30,MCAP_M2,1.8943975836778548
2022-12-31,MCAP_M2,1.7882645909656665
2023-01-31,MCAP_M2,1.913820922464919
2023-02-28,MCAP_M2,1.8690658481775089
2023-03-31,MCAP_M2,1.9434190499861557
2023-04-30,MCAP_M2,1.9779037435457143
2023-05-31,MCAP_M2,2.018904721983514
2023-06-30,MCAP_M2,2.157938458265422
2023-07-31,MCAP_M2,2.2341288020893453
2023-08-31,MCAP_M2,2.188380998763068
2023-09-30,MCAP_M2,2.0845246619521105
2023-10-31,MCAP_M2,2.028657313677778
2023-11-30,MCAP_M2,2.2124646777769743
2023-12-31,MCAP_M2,2.3243628521770727
2024-01-31,MCAP_M2,2.339767082635687
2024-02-29,MCAP_M2,2.4523462288076874
2024-03-31,MCAP_M2,2.52293661705739
2024-04-30,MCAP_M2,2.412838872037768
2024-05-31,MCAP_M2,2.515402414346335
2024-06-30,MCAP_M2,2.585419877933303
2024-07-31,MCAP_M2,2.6275919206529417
2024-08-31,MCAP_M2,2.6693243626338097
2024-09-30,MCAP_M2,2.709839977726322
2024-10-31,MCAP_M2,2.680430701789339
2024-11-30,MCAP_M2,2.837971782905716
2024-12-31,MCAP_M2,2.744591547538153
2025-01-31,MCAP_M2,2.8204435295339265
2025-02-28,MCAP_M2,2.754041166400629
2025-03-31,MCAP_M2,2.57832415055984
2025-04-30,MCAP_M2,2.54971496323884
2025-05-31,MCAP_M2,2.702060504831913
2025-06-30,MCAP_M2,2.823335362177968
2025-07-31,MCAP_M2,2.874246068914623
2025-08-31,MCAP_M2,2.92858620381312
2025-09-30,MCAP_M2,3.0151979788275307
2025-10-31,MCAP_M2,3.067511918355054
2025-11-30,MCAP_M2,3.067518118137664
2025-12-31,MCAP_M2,3.051364649271926
2026-01-31,MCAP_M2,3.0880585746099967
2026-02-28,MCAP_M2,3.042825979471428
2026-03-31,MCAP_M2,2.8811322876811656
2026-04-30,MCAP_M2,3.159550472494464
1986-01-31,NDX_SPX_RS,3.1708326275286858
1986-02-28,NDX_SPX_RS,-0.7544407393097252
1986-03-31,NDX_SPX_RS,-0.487682867774486
1986-04-30,NDX_SPX_RS,4.792433615479896
1986-05-31,NDX_SPX_RS,6.593349757475142
1986-06-30,NDX_SPX_RS,4.040385952198755
1986-07-31,NDX_SPX_RS,-6.82506170078806
1986-08-31,NDX_SPX_RS,-9.07496861610766
1986-09-30,NDX_SPX_RS,-8.312557218255435
1986-10-31,NDX_SPX_RS,-3.3720594905447765
1986-11-30,NDX_SPX_RS,-1.0268284815791562
1986-12-31,NDX_SPX_RS,-1.7639862215112712
1987-01-31,NDX_SPX_RS,2.6927175337037923
1987-02-28,NDX_SPX_RS,8.325465920602305
1987-03-31,NDX_SPX_RS,9.225852736496453
1987-04-30,NDX_SPX_RS,5.400901544325887
1987-05-31,NDX_SPX_RS,1.1933455463519316
1987-06-30,NDX_SPX_RS,-2.3955765304148
1987-07-31,NDX_SPX_RS,-3.86846229215958
1987-08-31,NDX_SPX_RS,-2.3429534908498417
1987-09-30,NDX_SPX_RS,2.578543358689167
1987-10-31,NDX_SPX_RS,-3.272029620355088
1987-11-30,NDX_SPX_RS,-6.301235668938476
1987-12-31,NDX_SPX_RS,-0.9654952577197506
1988-01-31,NDX_SPX_RS,3.859261144997839
1988-02-29,NDX_SPX_RS,8.261916615326426
1988-03-31,NDX_SPX_RS,5.827994500303868
1988-04-30,NDX_SPX_RS,8.749006864136799
1988-05-31,NDX_SPX_RS,2.576170091750063
1988-06-30,NDX_SPX_RS,3.271124459645369
1988-07-31,NDX_SPX_RS,-1.0682853088481936
1988-08-31,NDX_SPX_RS,-1.1142704688361649
1988-09-30,NDX_SPX_RS,-4.555561487784754
1988-10-31,NDX_SPX_RS,-5.925325225775257
1988-11-30,NDX_SPX_RS,-5.461540142511501
1988-12-31,NDX_SPX_RS,-3.1591891985438547
1989-01-31,NDX_SPX_RS,0.0533353615221443
1989-02-28,NDX_SPX_RS,2.931296797729277
1989-03-31,NDX_SPX_RS,-1.3248583353732135
1989-04-30,NDX_SPX_RS,3.282446153477503
1989-05-31,NDX_SPX_RS,5.203163107114617
1989-06-30,NDX_SPX_RS,2.069333230201309
1989-07-31,NDX_SPX_RS,-4.36812023418528
1989-08-31,NDX_SPX_RS,-5.629571339547878
1989-09-30,NDX_SPX_RS,0.779272005988596
1989-10-31,NDX_SPX_RS,5.638185375208016
1989-11-30,NDX_SPX_RS,2.694506470138069
1989-12-31,NDX_SPX_RS,-2.3176111463923066
1990-01-31,NDX_SPX_RS,-6.177943582984824
1990-02-28,NDX_SPX_RS,-3.4293382088668056
1990-03-31,NDX_SPX_RS,-1.0054209053967034
1990-04-30,NDX_SPX_RS,1.3889574636920976
1990-05-31,NDX_SPX_RS,4.354814901944293
1990-06-30,NDX_SPX_RS,6.227116315591319
1990-07-31,NDX_SPX_RS,0.8113688714024958
1990-08-31,NDX_SPX_RS,-8.182726707371412
1990-09-30,NDX_SPX_RS,-13.14245815403674
1990-10-31,NDX_SPX_RS,-9.503269226730204
1990-11-30,NDX_SPX_RS,-0.4296151234120526
1990-12-31,NDX_SPX_RS,4.96878378796175
1991-01-31,NDX_SPX_RS,19.05807295275324
1991-02-28,NDX_SPX_RS,14.00716748135693
1991-03-31,NDX_SPX_RS,16.259431918276725
1991-04-30,NDX_SPX_RS,3.943747263737918
1991-05-31,NDX_SPX_RS,5.035985139190702
1991-06-30,NDX_SPX_RS,-2.993312949713123
1991-07-31,NDX_SPX_RS,-0.0952469930260213
1991-08-31,NDX_SPX_RS,1.5536998470441654
1991-09-30,NDX_SPX_RS,8.245512083439287
1991-10-31,NDX_SPX_RS,6.206632711468751
1991-11-30,NDX_SPX_RS,4.42730192523626
1991-12-31,NDX_SPX_RS,7.002074525581814
1992-01-31,NDX_SPX_RS,11.040821033631843
1992-02-29,NDX_SPX_RS,10.421134936508448
1992-03-31,NDX_SPX_RS,0.882025161037947
1992-04-30,NDX_SPX_RS,-10.355046997080464
1992-05-31,NDX_SPX_RS,-9.424256787889906
1992-06-30,NDX_SPX_RS,-7.771036696927302
1992-07-31,NDX_SPX_RS,-1.218556962004791
1992-08-31,NDX_SPX_RS,-4.783109313600042
1992-09-30,NDX_SPX_RS,1.5648578692248891
1992-10-31,NDX_SPX_RS,7.271762981664542
1992-11-30,NDX_SPX_RS,12.566956946625377
1992-12-31,NDX_SPX_RS,10.279699380215558
1993-01-31,NDX_SPX_RS,7.422057209233235
1993-02-28,NDX_SPX_RS,-2.663345165574027
1993-03-31,NDX_SPX_RS,-3.738439669484461
1993-04-30,NDX_SPX_RS,-8.555670414229223
1993-05-31,NDX_SPX_RS,3.247021767983682
1993-06-30,NDX_SPX_RS,2.123260735916244
1993-07-31,NDX_SPX_RS,1.961462383095891
1993-08-31,NDX_SPX_RS,-1.6864418111687152
1993-09-30,NDX_SPX_RS,2.6179579218566618
1993-10-31,NDX_SPX_RS,6.137163316698135
1993-11-30,NDX_SPX_RS,4.184200621527823
1993-12-31,NDX_SPX_RS,2.3892471308259333
1994-01-31,NDX_SPX_RS,2.854271707392808
1994-02-28,NDX_SPX_RS,5.349454697358791
1994-03-31,NDX_SPX_RS,0.6141794550842405
1994-04-30,NDX_SPX_RS,-3.7023723634558414
1994-05-31,NDX_SPX_RS,-5.941685003108333
1994-06-30,NDX_SPX_RS,-5.599413562615696
1994-07-31,NDX_SPX_RS,-2.418478628027032
1994-08-31,NDX_SPX_RS,0.8337774137702647
1994-09-30,NDX_SPX_RS,4.955380818905386
1994-10-31,NDX_SPX_RS,8.258288681342773
1994-11-30,NDX_SPX_RS,6.627740293734052
1994-12-31,NDX_SPX_RS,3.4145046930304623
1995-01-31,NDX_SPX_RS,-1.4664214125286956
1995-02-28,NDX_SPX_RS,-0.5495562624831196
1995-03-31,NDX_SPX_RS,1.4526828651604262
1995-04-30,NDX_SPX_RS,5.877949728486698
1995-05-31,NDX_SPX_RS,3.120805666380333
1995-06-30,NDX_SPX_RS,10.596734824726164
1995-07-31,NDX_SPX_RS,10.94545741084647
1995-08-31,NDX_SPX_RS,12.17687008272268
1995-09-30,NDX_SPX_RS,1.3650805482585238
1995-10-31,NDX_SPX_RS,1.7371566789081694
1995-11-30,NDX_SPX_RS,-4.456385803873619
1995-12-31,NDX_SPX_RS,-6.552679917261816
1996-01-31,NDX_SPX_RS,-9.634788567854836
1996-02-29,NDX_SPX_RS,-0.8398656208110644
1996-03-31,NDX_SPX_RS,0.9597645968207223
1996-04-30,NDX_SPX_RS,9.531873137935442
1996-05-31,NDX_SPX_RS,6.401785458874909
1996-06-30,NDX_SPX_RS,6.926477576335399
1996-07-31,NDX_SPX_RS,-2.487896010808988
1996-08-31,NDX_SPX_RS,-1.644413637233677
1996-09-30,NDX_SPX_RS,6.252669474377326
1996-10-31,NDX_SPX_RS,7.284933882176747
1996-11-30,NDX_SPX_RS,8.24755071704626
1996-12-31,NDX_SPX_RS,3.33080492077642
1997-01-31,NDX_SPX_RS,9.938886128939297
1997-02-28,NDX_SPX_RS,-2.385944445693211
1997-03-31,NDX_SPX_RS,-5.057962436827646
1997-04-30,NDX_SPX_RS,-6.877596691244414
1997-05-31,NDX_SPX_RS,5.107852685368686
1997-06-30,NDX_SPX_RS,2.7329552273752222
1997-07-31,NDX_SPX_RS,6.269290941044359
1997-08-31,NDX_SPX_RS,5.639523014270487
1997-09-30,NDX_SPX_RS,7.091627531728806
1997-10-31,NDX_SPX_RS,-3.8990404792811018
1997-11-30,NDX_SPX_RS,-7.917501108580804
1997-12-31,NDX_SPX_RS,-11.845731386852352
1998-01-31,NDX_SPX_RS,-1.984586142847156
1998-02-28,NDX_SPX_RS,3.4952576662080403
1998-03-31,NDX_SPX_RS,8.511738606005492
1998-04-30,NDX_SPX_RS,2.74416632512553
1998-05-31,NDX_SPX_RS,-3.9685975711625687
1998-06-30,NDX_SPX_RS,6.458022852205758
1998-07-31,NDX_SPX_RS,9.468450720920863
1998-08-31,NDX_SPX_RS,9.00506503491627
1998-09-30,NDX_SPX_RS,12.166185375137209
1998-10-31,NDX_SPX_RS,3.725100328856312
1998-11-30,NDX_SPX_RS,12.394752251740272
1998-12-31,NDX_SPX_RS,12.898946085611328
1999-01-31,NDX_SPX_RS,30.40565377467581
1999-02-28,NDX_SPX_RS,16.122438195982845
1999-03-31,NDX_SPX_RS,9.630390245805495
1999-04-30,NDX_SPX_RS,-3.7452389497741767
1999-05-31,NDX_SPX_RS,3.2449469618068383
1999-06-30,NDX_SPX_RS,2.179992101213668
1999-07-31,NDX_SPX_RS,6.814347819416033
1999-08-31,NDX_SPX_RS,13.086132691154084
1999-09-30,NDX_SPX_RS,12.194414475859915
1999-10-31,NDX_SPX_RS,13.224063881425518
1999-11-30,NDX_SPX_RS,17.669874268200548
1999-12-31,NDX_SPX_RS,34.435560411803735
2000-01-31,NDX_SPX_RS,32.29981746405015
2000-02-29,NDX_SPX_RS,46.19460012453786
2000-03-31,NDX_SPX_RS,16.288124526375867
2000-04-30,NDX_SPX_RS,1.471489042539731
2000-05-31,NDX_SPX_RS,-25.067992377673075
2000-06-30,NDX_SPX_RS,-11.829699185933809
2000-07-31,NDX_SPX_RS,-2.897883450595251
2000-08-31,NDX_SPX_RS,14.821618372821789
2000-09-30,NDX_SPX_RS,-3.937925569258449
2000-10-31,NDX_SPX_RS,-8.970216778107664
2000-11-30,NDX_SPX_RS,-29.05168515684348
2000-12-31,NDX_SPX_RS,-28.64384843858567
2001-01-31,NDX_SPX_RS,-17.33452967903396
2001-02-28,NDX_SPX_RS,-19.26067454390634
2001-03-31,NDX_SPX_RS,-23.554655317455254
2001-04-30,NDX_SPX_RS,-21.781756739564692
2001-05-31,NDX_SPX_RS,-6.874621461208241
2001-06-30,NDX_SPX_RS,10.246217933697157
2001-07-31,NDX_SPX_RS,-6.382252367159058
2001-08-31,NDX_SPX_RS,-9.539719363376165
2001-09-30,NDX_SPX_RS,-24.911265196303635
2001-10-31,NDX_SPX_RS,-7.352853724663378
2001-11-30,NDX_SPX_RS,8.037550758498435
2001-12-31,NDX_SPX_RS,22.38230229189937
2002-01-31,NDX_SPX_RS,6.506748971678
2002-02-28,NDX_SPX_RS,-12.32075117832624
2002-03-31,NDX_SPX_RS,-7.822604973391001
2002-04-30,NDX_SPX_RS,-13.541605138704016
2002-05-31,NDX_SPX_RS,-7.802390050546027
2002-06-30,NDX_SPX_RS,-16.10846954582732
2002-07-31,NDX_SPX_RS,-11.003047185568438
2002-08-31,NDX_SPX_RS,-9.149010139955491
2002-09-30,NDX_SPX_RS,-3.86711140924424
2002-10-31,NDX_SPX_RS,5.854887370412931
2002-11-30,NDX_SPX_RS,15.87401075529382
2002-12-31,NDX_SPX_RS,9.566213241986963
2003-01-31,NDX_SPX_RS,2.834013974412985
2003-02-28,NDX_SPX_RS,0.7053763338448427
2003-03-31,NDX_SPX_RS,7.343730444521457
2003-04-30,NDX_SPX_RS,5.000945078689867
2003-05-31,NDX_SPX_RS,3.559168229582532
2003-06-30,NDX_SPX_RS,2.676100150919125
2003-07-31,NDX_SPX_RS,6.893681818656572
2003-08-31,NDX_SPX_RS,7.029632897445604
2003-09-30,NDX_SPX_RS,6.150201386841792
2003-10-31,NDX_SPX_RS,4.544381803219832
2003-11-30,NDX_SPX_RS,1.155571204788175
2003-12-31,NDX_SPX_RS,0.8550006725513537
2004-01-31,NDX_SPX_RS,-2.0801959903738454
2004-02-29,NDX_SPX_RS,-4.582421417484528
2004-03-31,NDX_SPX_RS,-3.2536702602866896
2004-04-30,NDX_SPX_RS,-4.123129270043036
2004-05-31,NDX_SPX_RS,1.875700047988027
2004-06-30,NDX_SPX_RS,4.0865091416599775
2004-07-31,NDX_SPX_RS,0.4369209239704297
2004-08-31,NDX_SPX_RS,-5.262705339196295
2004-09-30,NDX_SPX_RS,-4.656030976459435
2004-10-31,NDX_SPX_RS,3.4894568243221125
2004-11-30,NDX_SPX_RS,8.012603247348938
2004-12-31,NDX_SPX_RS,5.53346167991311
2005-01-31,NDX_SPX_RS,-2.2054196855143204
2005-02-28,NDX_SPX_RS,-6.227574877168562
2005-03-31,NDX_SPX_RS,-6.122132204519137
2005-04-30,NDX_SPX_RS,-4.530602089847358
2005-05-31,NDX_SPX_RS,3.1287323726482352
2005-06-30,NDX_SPX_RS,-0.1668958870735482
2005-07-31,NDX_SPX_RS,5.896482893447397
2005-08-31,NDX_SPX_RS,0.1110115721101756
2005-09-30,NDX_SPX_RS,3.969653139870544
2005-10-31,NDX_SPX_RS,0.5973128369380021
2005-11-30,NDX_SPX_RS,3.276816396215554
2005-12-31,NDX_SPX_RS,1.115469275437042
2006-01-31,NDX_SPX_RS,2.147719027620121
2006-02-28,NDX_SPX_RS,-2.550775309894693
2006-03-31,NDX_SPX_RS,-0.1717207759760808
2006-04-30,NDX_SPX_RS,-2.902660218021325
2006-05-31,NDX_SPX_RS,-4.659742253496424
2006-06-30,NDX_SPX_RS,-5.742675276975207
2006-07-31,NDX_SPX_RS,-8.886874038732362
2006-08-31,NDX_SPX_RS,-2.577760120040029
2006-09-30,NDX_SPX_RS,-0.151837839431157
2006-10-31,NDX_SPX_RS,6.344555723365764
2006-11-30,NDX_SPX_RS,5.552260371260376
2006-12-31,NDX_SPX_RS,0.0384555743315973
2007-01-31,NDX_SPX_RS,-0.8890784133253282
2007-02-28,NDX_SPX_RS,-2.087982203199912
2007-03-31,NDX_SPX_RS,0.6982032757288703
2007-04-30,NDX_SPX_RS,1.108489840494431
2007-05-31,NDX_SPX_RS,0.6036302132886195
2007-06-30,NDX_SPX_RS,3.1378732704673507
2007-07-31,NDX_SPX_RS,5.369497938101375
2007-08-31,NDX_SPX_RS,7.1023144702409
2007-09-30,NDX_SPX_RS,6.460903594212053
2007-10-31,NDX_SPX_RS,8.846689142933805
2007-11-30,NDX_SPX_RS,4.539844012804561
2007-12-31,NDX_SPX_RS,3.669248595405894
2008-01-31,NDX_SPX_RS,-7.564655366905915
2008-02-29,NDX_SPX_RS,-7.008729406735837
2008-03-31,NDX_SPX_RS,-5.120935956349026
2008-04-30,NDX_SPX_RS,3.613322317500467
2008-05-31,NDX_SPX_RS,10.660921549959925
2008-06-30,NDX_SPX_RS,6.534713013341476
2008-07-31,NDX_SPX_RS,5.419115711179345
2008-08-31,NDX_SPX_RS,0.5686038791796078
2008-09-30,NDX_SPX_RS,-4.740814365619683
2008-10-31,NDX_SPX_RS,-5.565064459763813
2008-11-30,NDX_SPX_RS,-9.362734344264656
2008-12-31,NDX_SPX_RS,-1.8835321708963737
2009-01-31,NDX_SPX_RS,3.7191795559496255
2009-02-28,NDX_SPX_RS,14.852363172703352
2009-03-31,NDX_SPX_RS,15.577116600192898
2009-04-30,NDX_SPX_RS,11.78635316775567
2009-05-31,NDX_SPX_RS,2.785992473159715
2009-06-30,NDX_SPX_RS,3.6444869523993617
2009-07-31,NDX_SPX_RS,1.6381836578548636
2009-08-31,NDX_SPX_RS,1.9523801203912283
2009-09-30,NDX_SPX_RS,1.199466495708723
2009-10-31,NDX_SPX_RS,-0.9105643880770952
2009-11-30,NDX_SPX_RS,1.3067224342306227
2009-12-31,NDX_SPX_RS,2.590233472807002
2010-01-31,NDX_SPX_RS,0.7690014418531677
2010-02-28,NDX_SPX_RS,2.0742508464251186
2010-03-31,NDX_SPX_RS,0.3788713810351174
2010-04-30,NDX_SPX_RS,3.98542373886257
2010-05-31,NDX_SPX_RS,3.263428635362464
2010-06-30,NDX_SPX_RS,0.7590903649917324
2010-07-31,NDX_SPX_RS,0.3673537101208213
2010-08-31,NDX_SPX_RS,-0.9421028800597586
2010-09-30,NDX_SPX_RS,3.763441638520715
2010-10-31,NDX_SPX_RS,6.107071102070649
2010-11-30,NDX_SPX_RS,6.481460465767164
2010-12-31,NDX_SPX_RS,0.7245555899525469
2011-01-31,NDX_SPX_RS,-1.1786716206454328
2011-02-28,NDX_SPX_RS,-1.2348543270747858
2011-03-31,NDX_SPX_RS,0.0374778034424982
2011-04-30,NDX_SPX_RS,-0.6330974740837658
2011-05-31,NDX_SPX_RS,-0.4322174172773918
2011-06-30,NDX_SPX_RS,-0.2044772573859155
2011-07-31,NDX_SPX_RS,3.708277560368134
2011-08-31,NDX_SPX_RS,4.244360554171189
2011-09-30,NDX_SPX_RS,7.391981098401912
2011-10-31,NDX_SPX_RS,2.9910543589689587
2011-11-30,NDX_SPX_RS,0.1125999085264561
2011-12-31,NDX_SPX_RS,-4.2022396673265465
2012-01-31,NDX_SPX_RS,-0.1391809822491985
2012-02-29,NDX_SPX_RS,4.351303880120261
2012-03-31,NDX_SPX_RS,8.003485533733933
2012-04-30,NDX_SPX_RS,3.611996606378965
2012-05-31,NDX_SPX_RS,0.3211438720410298
2012-06-30,NDX_SPX_RS,-1.837289969060707
2012-07-31,NDX_SPX_RS,-1.671805201802001
2012-08-31,NDX_SPX_RS,2.2840761976147927
2012-09-30,NDX_SPX_RS,1.1823422775544934
2012-10-31,NDX_SPX_RS,-2.126297862757176
2012-11-30,NDX_SPX_RS,-4.058562825679557
2012-12-31,NDX_SPX_RS,-3.974135297781656
2013-01-31,NDX_SPX_RS,-2.760806131654125
2013-02-28,NDX_SPX_RS,-4.38370338312245
2013-03-31,NDX_SPX_RS,-3.72451381035811
2013-04-30,NDX_SPX_RS,-0.8732660542704718
2013-05-31,NDX_SPX_RS,1.1307961581759285
2013-06-30,NDX_SPX_RS,0.8417218828014716
2013-07-31,NDX_SPX_RS,1.4247827319770812
2013-08-31,NDX_SPX_RS,2.946329006354098
2013-09-30,NDX_SPX_RS,5.655274619387218
2013-10-31,NDX_SPX_RS,4.898604615845303
2013-11-30,NDX_SPX_RS,2.608461387035632
2013-12-31,NDX_SPX_RS,1.5421942696264734
2014-01-31,NDX_SPX_RS,2.7451060253912862
2014-02-28,NDX_SPX_RS,2.914655924931364
2014-03-31,NDX_SPX_RS,-1.177962792006404
2014-04-30,NDX_SPX_RS,-3.765536841799644
2014-05-31,NDX_SPX_RS,-2.268408123909005
2014-06-30,NDX_SPX_RS,2.2566275915130607
2014-07-31,NDX_SPX_RS,6.038094653912096
2014-08-31,NDX_SPX_RS,4.900416813425879
2014-09-30,NDX_SPX_RS,4.551487511315866
2014-10-31,NDX_SPX_RS,2.200711332578198
2014-11-30,NDX_SPX_RS,2.952992807816357
2014-12-31,NDX_SPX_RS,0.2130195041291305
2015-01-31,NDX_SPX_RS,0.9179876860204272
2015-02-28,NDX_SPX_RS,0.5747981309828232
2015-03-31,NDX_SPX_RS,1.8546880937378771
2015-04-30,NDX_SPX_RS,1.7891724002044196
2015-05-31,NDX_SPX_RS,1.3826259174882116
2015-06-30,NDX_SPX_RS,1.6903880489052447
2015-07-31,NDX_SPX_RS,3.050993181228323
2015-08-31,NDX_SPX_RS,1.3173440677076045
2015-09-30,NDX_SPX_RS,2.18050734934907
2015-10-31,NDX_SPX_RS,2.498411724621108
2015-11-30,NDX_SPX_RS,3.445165098700276
2015-12-31,NDX_SPX_RS,3.198993406259021
2016-01-31,NDX_SPX_RS,-1.3515840138844548
2016-02-29,NDX_SPX_RS,-3.027366437382517
2016-03-31,NDX_SPX_RS,-3.135098702019912
2016-04-30,NDX_SPX_RS,-4.691300690602985
2016-05-31,NDX_SPX_RS,-0.7757781309658873
2016-06-30,NDX_SPX_RS,-3.307573294706323
2016-07-31,NDX_SPX_RS,3.5299461282048306
2016-08-31,NDX_SPX_RS,1.868557019985984
2016-09-30,NDX_SPX_RS,6.834342609216959
2016-10-31,NDX_SPX_RS,3.767090250110528
2016-11-30,NDX_SPX_RS,-0.4442481393108766
2016-12-31,NDX_SPX_RS,-3.3916010152513887
2017-01-31,NDX_SPX_RS,-0.5707705665649487
2017-02-28,NDX_SPX_RS,3.0719911071969364
2017-03-31,NDX_SPX_RS,5.912460135932784
2017-04-30,NDX_SPX_RS,4.301328125449322
2017-05-31,NDX_SPX_RS,6.432942711762557
2017-06-30,NDX_SPX_RS,1.2742836730454954
2017-07-31,NDX_SPX_RS,1.644956750256199
2017-08-31,NDX_SPX_RS,0.9464677837752512
2017-09-30,NDX_SPX_RS,1.8533533936184288
2017-10-31,NDX_SPX_RS,1.9311365413972048
2017-11-30,NDX_SPX_RS,-0.7685911347049879
2017-12-31,NDX_SPX_RS,0.8042427361667048
2018-01-31,NDX_SPX_RS,1.4354707229363273
2018-02-28,NDX_SPX_RS,5.051084450827581
2018-03-31,NDX_SPX_RS,4.163251176030158
2018-04-30,NDX_SPX_RS,1.35271456354773
2018-05-31,NDX_SPX_RS,1.9747471354533364
2018-06-30,NDX_SPX_RS,3.9345616953315288
2018-07-31,NDX_SPX_RS,2.942743331588793
2018-08-31,NDX_SPX_RS,2.426749150554408
2018-09-30,NDX_SPX_RS,1.0626726210558823
2018-10-31,NDX_SPX_RS,0.0516299823794641
2018-11-30,NDX_SPX_RS,-4.568220684192326
2018-12-31,NDX_SPX_RS,-3.5351454746531674
2019-01-31,NDX_SPX_RS,-0.5848396373157927
2019-02-28,NDX_SPX_RS,1.2452039794759615
2019-03-31,NDX_SPX_RS,3.097835817204242
2019-04-30,NDX_SPX_RS,3.4181520323126824
2019-05-31,NDX_SPX_RS,1.6121829455650216
2019-06-30,NDX_SPX_RS,0.1674058068532602
2019-07-31,NDX_SPX_RS,-0.3041395772556465
2019-08-31,NDX_SPX_RS,1.4688832393235485
2019-09-30,NDX_SPX_RS,-0.1654848593850566
2019-10-31,NDX_SPX_RS,1.055924997704416
2019-11-30,NDX_SPX_RS,1.803825405032544
2019-12-31,NDX_SPX_RS,3.831607466680831
2020-01-31,NDX_SPX_RS,4.746754617158877
2020-02-29,NDX_SPX_RS,7.057512466781235
2020-03-31,NDX_SPX_RS,11.839283197247052
2020-04-30,NDX_SPX_RS,10.860987595663984
2020-05-31,NDX_SPX_RS,9.583316426887812
2020-06-30,NDX_SPX_RS,8.368423375874844
2020-07-31,NDX_SPX_RS,7.882896077415813
2020-08-31,NDX_SPX_RS,10.229243537808475
2020-09-30,NDX_SPX_RS,3.6355460782377502
2020-10-31,NDX_SPX_RS,1.3844991372431004
2020-11-30,NDX_SPX_RS,-2.091971789679581
2020-12-31,NDX_SPX_RS,1.0638525207359972
2021-01-31,NDX_SPX_RS,2.95266102115308
2021-02-28,NDX_SPX_RS,-0.0068280060744996
2021-03-31,NDX_SPX_RS,-3.9671940703488007
2021-04-30,NDX_SPX_RS,-4.7388402678310015
2021-05-31,NDX_SPX_RS,-3.890289696318361
2021-06-30,NDX_SPX_RS,2.7801970337492543
2021-07-31,NDX_SPX_RS,2.672688778890953
2021-08-31,NDX_SPX_RS,5.8334309129159045
2021-09-30,NDX_SPX_RS,0.6910549297401758
2021-10-31,NDX_SPX_RS,1.1189434445581403
2021-11-30,NDX_SPX_RS,2.5465816714941525
2021-12-31,NDX_SPX_RS,0.4085250569085596
2022-01-31,NDX_SPX_RS,-3.9330633491231337
2022-02-28,NDX_SPX_RS,-7.868605175369581
2022-03-31,NDX_SPX_RS,-4.346610590311961
2022-04-30,NDX_SPX_RS,-5.90604489490496
2022-05-31,NDX_SPX_RS,-6.011920560810601
2022-06-30,NDX_SPX_RS,-7.215244132750975
2022-07-31,NDX_SPX_RS,0.7647848086590026
2022-08-31,NDX_SPX_RS,1.4207435767850995
2022-09-30,NDX_SPX_RS,0.684313861994168
2022-10-31,NDX_SPX_RS,-6.035722749854521
2022-11-30,NDX_SPX_RS,-4.977606741150487
2022-12-31,NDX_SPX_RS,-6.880105344397158
2023-01-31,NDX_SPX_RS,0.7795957124990816
2023-02-28,NDX_SPX_RS,2.8727040049562502
2023-03-31,NDX_SPX_RS,12.57912130622989
2023-04-30,NDX_SPX_RS,7.015336837306951
2023-05-31,NDX_SPX_RS,12.430674212607752
2023-06-30,NDX_SPX_RS,6.331298306934774
2023-07-31,NDX_SPX_RS,8.082835326719028
2023-08-31,NDX_SPX_RS,0.8392612019223922
2023-09-30,NDX_SPX_RS,0.6133133462249196
2023-10-31,NDX_SPX_RS,0.0668887088174807
2023-11-30,NDX_SPX_RS,1.527831015445824
2023-12-31,NDX_SPX_RS,2.7942036093894007
2024-01-31,NDX_SPX_RS,2.9293400435358885
2024-02-29,NDX_SPX_RS,1.410083383595051
2024-03-31,NDX_SPX_RS,-1.5129156023276802
2024-04-30,NDX_SPX_RS,-2.069986188687845
2024-05-31,NDX_SPX_RS,-0.79685396123792
2024-06-30,NDX_SPX_RS,3.75335359893576
2024-07-31,NDX_SPX_RS,1.2360532522090797
2024-08-31,NDX_SPX_RS,-1.3343123070025942
2024-09-30,NDX_SPX_RS,-3.4218594791352697
2024-10-31,NDX_SPX_RS,-0.5707507252837751
2024-11-30,NDX_SPX_RS,0.1197702339434059
2024-12-31,NDX_SPX_RS,2.621128692399144
2025-01-31,NDX_SPX_RS,1.991927974098617
2025-02-28,NDX_SPX_RS,1.0854641038189785
2025-03-31,NDX_SPX_RS,-3.8403615523031287
2025-04-30,NDX_SPX_RS,-1.1647843664228108
2025-05-31,NDX_SPX_RS,2.9262155888198915
2025-06-30,NDX_SPX_RS,6.394641127282652
2025-07-31,NDX_SPX_RS,4.219265171457054
2025-08-31,NDX_SPX_RS,0.4035457697713518
2025-09-30,NDX_SPX_RS,0.9562159251286452
2025-10-31,NDX_SPX_RS,3.2164126342043358
2025-11-30,NDX_SPX_RS,2.457803657186508
2025-12-31,NDX_SPX_RS,-0.0380385953394735
2026-01-31,NDX_SPX_RS,-2.5897921567244357
2026-02-28,NDX_SPX_RS,-2.2919100742504583
2026-03-31,NDX_SPX_RS,-1.4138698779826653
2026-04-30,NDX_SPX_RS,3.4111754941942074
2026-05-31,NDX_SPX_RS,9.96279804841327
2003-02-28,NET_LIQUIDITY,0.7142310000000001
2003-03-31,NET_LIQUIDITY,0.717853
2003-04-30,NET_LIQUIDITY,0.7352810000000001
2003-06-30,NET_LIQUIDITY,0.733319
2003-11-30,NET_LIQUIDITY,0.748991
2003-12-31,NET_LIQUIDITY,0.7639509999999999
2004-01-31,NET_LIQUIDITY,0.7478760000000001
2007-04-30,NET_LIQUIDITY,0.866652
2007-05-31,NET_LIQUIDITY,0.870303
2008-03-31,NET_LIQUIDITY,0.883236
2008-04-30,NET_LIQUIDITY,0.87866
2008-09-30,NET_LIQUIDITY,1.180737
2008-10-31,NET_LIQUIDITY,1.84335
2008-11-30,NET_LIQUIDITY,2.016586
2008-12-31,NET_LIQUIDITY,2.100228
2009-12-31,NET_LIQUIDITY,2.115319
2010-08-31,NET_LIQUIDITY,2.2820120000000004
2011-03-31,NET_LIQUIDITY,2.563238
2011-06-30,NET_LIQUIDITY,2.7565190000000004
2011-08-31,NET_LIQUIDITY,2.832944
2012-03-31,NET_LIQUIDITY,2.7931040000000005
2012-09-30,NET_LIQUIDITY,2.731158
2012-11-30,NET_LIQUIDITY,2.822278
2013-04-30,NET_LIQUIDITY,3.188759000000001
2013-08-31,NET_LIQUIDITY,3.602158
2013-09-30,NET_LIQUIDITY,3.63087
2013-10-31,NET_LIQUIDITY,3.7977
2013-11-30,NET_LIQUIDITY,3.850114
2013-12-31,NET_LIQUIDITY,3.735698
2014-01-31,NET_LIQUIDITY,3.910662
2014-02-28,NET_LIQUIDITY,3.998789
2014-03-31,NET_LIQUIDITY,3.882862
2014-04-30,NET_LIQUIDITY,4.003701
2014-05-31,NET_LIQUIDITY,4.124355
2014-06-30,NET_LIQUIDITY,3.921623
2014-07-31,NET_LIQUIDITY,4.187928
2014-08-31,NET_LIQUIDITY,4.200929
2014-09-30,NET_LIQUIDITY,4.044222
2014-10-31,NET_LIQUIDITY,4.182048
2014-11-30,NET_LIQUIDITY,4.232252
2014-12-31,NET_LIQUIDITY,4.134477
2015-01-31,NET_LIQUIDITY,4.10803
2015-02-28,NET_LIQUIDITY,4.26361
2015-03-31,NET_LIQUIDITY,4.192461000000001
2015-04-30,NET_LIQUIDITY,4.121333
2015-05-31,NET_LIQUIDITY,4.128203000000001
2015-06-30,NET_LIQUIDITY,4.062955
2015-07-31,NET_LIQUIDITY,4.156677
2015-08-31,NET_LIQUIDITY,4.19683
2015-09-30,NET_LIQUIDITY,4.139332
2015-10-31,NET_LIQUIDITY,4.216913
2015-11-30,NET_LIQUIDITY,4.174003000000001
2015-12-31,NET_LIQUIDITY,3.721529
2016-01-31,NET_LIQUIDITY,4.02578
2016-02-29,NET_LIQUIDITY,4.157723000000001
2016-03-31,NET_LIQUIDITY,3.8943310000000007
2016-04-30,NET_LIQUIDITY,4.062941
2016-05-31,NET_LIQUIDITY,4.089865
2016-06-30,NET_LIQUIDITY,3.85058
2016-07-31,NET_LIQUIDITY,4.028481
2016-08-31,NET_LIQUIDITY,4.012344
2016-09-30,NET_LIQUIDITY,3.687779
2016-10-31,NET_LIQUIDITY,3.810501
2016-11-30,NET_LIQUIDITY,3.828423
2016-12-31,NET_LIQUIDITY,3.602417
2017-01-31,NET_LIQUIDITY,3.881834
2017-02-28,NET_LIQUIDITY,4.005759
2017-03-31,NET_LIQUIDITY,4.057578
2017-04-30,NET_LIQUIDITY,4.053947
2017-05-31,NET_LIQUIDITY,4.032754000000001
2017-06-30,NET_LIQUIDITY,3.856107
2017-07-31,NET_LIQUIDITY,4.069258
2017-08-31,NET_LIQUIDITY,4.177817
2017-09-30,NET_LIQUIDITY,3.974919
2017-10-31,NET_LIQUIDITY,4.09118
2017-11-30,NET_LIQUIDITY,4.163591
2017-12-31,NET_LIQUIDITY,3.938802
2018-01-31,NET_LIQUIDITY,4.083184
2018-02-28,NET_LIQUIDITY,4.1462710000000005
2018-03-31,NET_LIQUIDITY,4.055442
2018-04-30,NET_LIQUIDITY,3.999457
2018-05-31,NET_LIQUIDITY,3.980692999999999
2018-06-30,NET_LIQUIDITY,3.834581
2018-07-31,NET_LIQUIDITY,3.919750000000001
2018-08-31,NET_LIQUIDITY,3.875981
2018-09-30,NET_LIQUIDITY,3.774448
2018-10-31,NET_LIQUIDITY,3.761548
2018-11-30,NET_LIQUIDITY,3.754084
2018-12-31,NET_LIQUIDITY,3.659703
2019-01-31,NET_LIQUIDITY,3.635351
2019-02-28,NET_LIQUIDITY,3.660601
2019-03-31,NET_LIQUIDITY,3.644018
2019-04-30,NET_LIQUIDITY,3.549656
2019-05-31,NET_LIQUIDITY,3.602812
2019-06-30,NET_LIQUIDITY,3.5342080000000005
2019-07-31,NET_LIQUIDITY,3.607972
2019-08-31,NET_LIQUIDITY,3.6019
2019-09-30,NET_LIQUIDITY,3.536469
2019-10-31,NET_LIQUIDITY,3.6271
2019-11-30,NET_LIQUIDITY,3.691184
2019-12-31,NET_LIQUIDITY,3.733684
2020-01-31,NET_LIQUIDITY,3.715069
2020-02-29,NET_LIQUIDITY,3.717085
2020-03-31,NET_LIQUIDITY,4.579118
2020-04-30,NET_LIQUIDITY,5.656647
2020-05-31,NET_LIQUIDITY,5.785500000000001
2020-06-30,NET_LIQUIDITY,5.457410000000001
2020-07-31,NET_LIQUIDITY,5.132195
2020-08-31,NET_LIQUIDITY,5.367717
2020-09-30,NET_LIQUIDITY,5.376127
2020-10-31,NET_LIQUIDITY,5.465372
2020-11-30,NET_LIQUIDITY,5.699259
2020-12-31,NET_LIQUIDITY,5.762645
2021-01-31,NET_LIQUIDITY,5.764285999999999
2021-02-28,NET_LIQUIDITY,6.048934000000001
2021-03-31,NET_LIQUIDITY,6.528954000000001
2021-04-30,NET_LIQUIDITY,6.630039
2021-05-31,NET_LIQUIDITY,6.61157
2021-06-30,NET_LIQUIDITY,6.340643
2021-07-31,NET_LIQUIDITY,6.603875
2021-08-31,NET_LIQUIDITY,6.841697000000001
2021-09-30,NET_LIQUIDITY,6.6453560000000005
2021-10-31,NET_LIQUIDITY,6.840594
2021-11-30,NET_LIQUIDITY,6.999727999999999
2021-12-31,NET_LIQUIDITY,6.641029
2022-01-31,NET_LIQUIDITY,6.590758000000001
2022-02-28,NET_LIQUIDITY,6.634239000000001
2022-03-31,NET_LIQUIDITY,6.490106999999999
2022-04-30,NET_LIQUIDITY,6.088069000000001
2022-05-31,NET_LIQUIDITY,6.114208
2022-06-30,NET_LIQUIDITY,5.827183
2022-07-31,NET_LIQUIDITY,5.986858999999999
2022-08-31,NET_LIQUIDITY,5.962532
2022-09-30,NET_LIQUIDITY,5.680088
2022-10-31,NET_LIQUIDITY,5.813082999999999
2022-11-30,NET_LIQUIDITY,5.9571890000000005
2022-12-31,NET_LIQUIDITY,5.569527000000001
2023-01-31,NET_LIQUIDITY,5.917136999999999
2023-02-28,NET_LIQUIDITY,5.7168220000000005
2023-03-31,NET_LIQUIDITY,6.147194000000001
2023-04-30,NET_LIQUIDITY,5.945587
2023-05-31,NET_LIQUIDITY,6.082041
2023-06-30,NET_LIQUIDITY,5.916024
2023-07-31,NET_LIQUIDITY,5.878623
2023-08-31,NET_LIQUIDITY,5.998914000000001
2023-09-30,NET_LIQUIDITY,5.763352
2023-10-31,NET_LIQUIDITY,5.935714999999999
2023-11-30,NET_LIQUIDITY,6.169114
2023-12-31,NET_LIQUIDITY,5.962893
2024-01-31,NET_LIQUIDITY,6.173195000000001
2024-02-29,NET_LIQUIDITY,6.279912
2024-03-31,NET_LIQUIDITY,6.088078
2024-04-30,NET_LIQUIDITY,5.926770000000001
2024-05-31,NET_LIQUIDITY,6.140178
2024-06-30,NET_LIQUIDITY,5.801175999999999
2024-07-31,NET_LIQUIDITY,5.978705000000001
2024-08-31,NET_LIQUIDITY,5.944257
2024-09-30,NET_LIQUIDITY,5.80765
2024-10-31,NET_LIQUIDITY,5.976975
2024-11-30,NET_LIQUIDITY,5.932263000000001
2024-12-31,NET_LIQUIDITY,5.647733
2025-01-31,NET_LIQUIDITY,5.846067
2025-02-28,NET_LIQUIDITY,5.850517999999999
2025-03-31,NET_LIQUIDITY,5.980909
2025-04-30,NET_LIQUIDITY,5.862935
2025-05-31,NET_LIQUIDITY,5.890383000000001
2025-06-30,NET_LIQUIDITY,5.837094
2025-07-31,NET_LIQUIDITY,6.057626000000001
2025-08-31,NET_LIQUIDITY,5.935488
2025-09-30,NET_LIQUIDITY,5.754468
2025-10-31,NET_LIQUIDITY,5.577242
2025-11-30,NET_LIQUIDITY,5.641464
2025-12-31,NET_LIQUIDITY,5.697319
2026-01-31,NET_LIQUIDITY,5.654897
2026-02-28,NET_LIQUIDITY,5.709867
2026-03-31,NET_LIQUIDITY,5.767302000000001
2026-04-30,NET_LIQUIDITY,5.70976
2026-05-31,NET_LIQUIDITY,5.930563
1987-12-31,RUT_SPX_RS,-8.172187025336008
1988-01-31,RUT_SPX_RS,3.727097441501148
1988-02-29,RUT_SPX_RS,4.774575409493753
1988-03-31,RUT_SPX_RS,12.660201824668782
1988-04-30,RUT_SPX_RS,13.898249203710566
1988-05-31,RUT_SPX_RS,6.114731974261556
1988-06-30,RUT_SPX_RS,0.7511613262992656
1988-07-31,RUT_SPX_RS,-0.6968216114445092
1988-08-31,RUT_SPX_RS,3.3434804129984785
1988-09-30,RUT_SPX_RS,-0.8844689440623887
1988-10-31,RUT_SPX_RS,-4.208723634080314
1988-11-30,RUT_SPX_RS,-6.895600873909724
1988-12-31,RUT_SPX_RS,-3.221565576605434
1989-01-31,RUT_SPX_RS,-2.015688927093706
1989-02-28,RUT_SPX_RS,3.1253946303341884
1989-03-31,RUT_SPX_RS,0.9135815229165622
1989-04-30,RUT_SPX_RS,2.8322686355271243
1989-05-31,RUT_SPX_RS,0.0173279976582563
1989-06-30,RUT_SPX_RS,-1.6768050559577197
1989-07-31,RUT_SPX_RS,-5.194139075924776
1989-08-31,RUT_SPX_RS,-5.254375178291848
1989-09-30,RUT_SPX_RS,-3.0578750911990693
1989-10-31,RUT_SPX_RS,-2.4157831399157392
1989-11-30,RUT_SPX_RS,-4.1392427349914
1989-12-31,RUT_SPX_RS,-6.691044439846127
1990-01-31,RUT_SPX_RS,-5.342033293218296
1990-02-28,RUT_SPX_RS,-2.229553052953892
1990-03-31,RUT_SPX_RS,1.068843011224363
1990-04-30,RUT_SPX_RS,2.6084686002770807
1990-05-31,RUT_SPX_RS,-1.603656139614884
1990-06-30,RUT_SPX_RS,-1.864302770516013
1990-07-31,RUT_SPX_RS,-5.108446518490606
1990-08-31,RUT_SPX_RS,-7.503932820870752
1990-09-30,RUT_SPX_RS,-12.361173148572425
1990-10-31,RUT_SPX_RS,-13.804209071599535
1990-11-30,RUT_SPX_RS,-8.505088038747067
1990-12-31,RUT_SPX_RS,-3.296134888311142
1991-01-31,RUT_SPX_RS,7.238893014343795
1991-02-28,RUT_SPX_RS,10.14868687234618
1991-03-31,RUT_SPX_RS,13.843291037649983
1991-04-30,RUT_SPX_RS,8.436326515327043
1991-05-31,RUT_SPX_RS,4.954829696341334
1991-06-30,RUT_SPX_RS,-0.9160652111700808
1991-07-31,RUT_SPX_RS,-1.995833001687353
1991-08-31,RUT_SPX_RS,-0.9905339923925838
1991-09-30,RUT_SPX_RS,2.859556621880621
1991-10-31,RUT_SPX_RS,5.818889772599167
1991-11-30,RUT_SPX_RS,3.773984857462032
1991-12-31,RUT_SPX_RS,-1.9600095442342649
1992-01-31,RUT_SPX_RS,6.467162250790137
1992-02-29,RUT_SPX_RS,8.847352246806594
1992-03-31,RUT_SPX_RS,10.804235809481334
1992-04-30,RUT_SPX_RS,-5.760507097691237
1992-05-31,RUT_SPX_RS,-6.581376623418656
1992-06-30,RUT_SPX_RS,-8.432062645663052
1992-07-31,RUT_SPX_RS,-2.9404476448138928
1992-08-31,RUT_SPX_RS,-4.598081782682706
1992-09-30,RUT_SPX_RS,-0.0690844334413354
1992-10-31,RUT_SPX_RS,3.490416038917421
1992-11-30,RUT_SPX_RS,8.705379949102454
1992-12-31,RUT_SPX_RS,9.85708433041581
1993-01-31,RUT_SPX_RS,9.421850924674867
1993-02-28,RUT_SPX_RS,1.1998836934593582
1993-03-31,RUT_SPX_RS,0.0455832949243895
1993-04-30,RUT_SPX_RS,-2.6888624564808783
1993-05-31,RUT_SPX_RS,2.818072133753602
1993-06-30,RUT_SPX_RS,2.0638125563271936
1993-07-31,RUT_SPX_RS,4.306806843287525
1993-08-31,RUT_SPX_RS,2.963074123179976
1993-09-30,RUT_SPX_RS,6.415314932125216
1993-10-31,RUT_SPX_RS,4.992854591766638
1993-11-30,RUT_SPX_RS,2.112279656367821
1993-12-31,RUT_SPX_RS,0.5815615856580303
1994-01-31,RUT_SPX_RS,-0.1102592094628707
1994-02-28,RUT_SPX_RS,4.823674879353734
1994-03-31,RUT_SPX_RS,1.5921338359118795
1994-04-30,RUT_SPX_RS,1.209948446277509
1994-05-31,RUT_SPX_RS,-3.9316949257452105
1994-06-30,RUT_SPX_RS,-3.966664218817884
1994-07-31,RUT_SPX_RS,-4.9116886534116055
1994-08-31,RUT_SPX_RS,-0.8972914434536516
1994-09-30,RUT_SPX_RS,2.3401146628484915
1994-10-31,RUT_SPX_RS,1.3737893733580364
1994-11-30,RUT_SPX_RS,-0.5183025692615306
1994-12-31,RUT_SPX_RS,-1.5167733466992073
1995-01-31,RUT_SPX_RS,-2.8065431235227423
1995-02-28,RUT_SPX_RS,-2.219130230359778
1995-03-31,RUT_SPX_RS,-4.4623675910199445
1995-04-30,RUT_SPX_RS,-1.4516971074849283
1995-05-31,RUT_SPX_RS,-3.753839776919909
1995-06-30,RUT_SPX_RS,-0.0268025348835077
1995-07-31,RUT_SPX_RS,3.118490398560048
1995-08-31,RUT_SPX_RS,7.246907212190723
1995-09-30,RUT_SPX_RS,2.004934990340579
1995-10-31,RUT_SPX_RS,-4.462121884943915
1995-11-30,RUT_SPX_RS,-6.189939506806564
1995-12-31,RUT_SPX_RS,-3.408617441482875
1996-01-31,RUT_SPX_RS,-2.668205663671075
1996-02-29,RUT_SPX_RS,-0.4660420934989195
1996-03-31,RUT_SPX_RS,-0.1115318684721811
1996-04-30,RUT_SPX_RS,7.367923080627259
1996-05-31,RUT_SPX_RS,6.587539809606446
1996-06-30,RUT_SPX_RS,0.862153684318967
1996-07-31,RUT_SPX_RS,-7.25230845870527
1996-08-31,RUT_SPX_RS,-5.305466990736985
1996-09-30,RUT_SPX_RS,-2.491614917528961
1996-10-31,RUT_SPX_RS,-2.2065100533404824
1996-11-30,RUT_SPX_RS,-8.655726555751208
1996-12-31,RUT_SPX_RS,-2.8654093073428144
1997-01-31,RUT_SPX_RS,-2.681864208059659
1997-02-28,RUT_SPX_RS,-2.6682922071778803
1997-03-31,RUT_SPX_RS,-7.573190191304457
1997-04-30,RUT_SPX_RS,-8.91800663377984
1997-05-31,RUT_SPX_RS,-1.4113467089010734
1997-06-30,RUT_SPX_RS,-1.026970059105825
1997-07-31,RUT_SPX_RS,1.469806779190086
1997-08-31,RUT_SPX_RS,4.877629265290451
1997-09-30,RUT_SPX_RS,6.983415789078862
1997-10-31,RUT_SPX_RS,9.067107701699694
1997-11-30,RUT_SPX_RS,-4.41109946724837
1997-12-31,RUT_SPX_RS,-5.999138421720085
1998-01-31,RUT_SPX_RS,-7.389363092119616
1998-02-28,RUT_SPX_RS,-2.1944500091168995
1998-03-31,RUT_SPX_RS,-3.1196061801909813
1998-04-30,RUT_SPX_RS,-0.9915407165451916
1998-05-31,RUT_SPX_RS,-4.887862871949256
1998-06-30,RUT_SPX_RS,-7.538287781736819
1998-07-31,RUT_SPX_RS,-13.76732573651367
1998-08-31,RUT_SPX_RS,-15.664269067706035
1998-09-30,RUT_SPX_RS,-11.37591178399182
1998-10-31,RUT_SPX_RS,-8.104262275413255
1998-11-30,RUT_SPX_RS,-3.176269963531741
1998-12-31,RUT_SPX_RS,-3.982270404225052
1999-01-31,RUT_SPX_RS,-3.003636002492771
1999-02-28,RUT_SPX_RS,-7.32931380958135
1999-03-31,RUT_SPX_RS,-9.951783381075751
1999-04-30,RUT_SPX_RS,-2.905711529958888
1999-05-31,RUT_SPX_RS,6.378183879738741
1999-06-30,RUT_SPX_RS,7.862354380634029
1999-07-31,RUT_SPX_RS,3.262958767780177
1999-08-31,RUT_SPX_RS,-3.8449324165438
1999-09-30,RUT_SPX_RS,-0.0871676933905885
1999-10-31,RUT_SPX_RS,-6.045598580159906
1999-11-30,RUT_SPX_RS,0.9010859772834888
1999-12-31,RUT_SPX_RS,3.1279096952667285
2000-01-31,RUT_SPX_RS,13.150853488981928
2000-02-29,RUT_SPX_RS,29.320516994157607
2000-03-31,RUT_SPX_RS,4.713035579471692
2000-04-30,RUT_SPX_RS,-2.05261800101042
2000-05-31,RUT_SPX_RS,-20.71817046489899
2000-06-30,RUT_SPX_RS,-1.1540826589987008
2000-07-31,RUT_SPX_RS,0.3847461339443248
2000-08-31,RUT_SPX_RS,5.733817987799084
2000-09-30,RUT_SPX_RS,2.069799834410646
2000-10-31,RUT_SPX_RS,-0.4918018562182435
2000-11-30,RUT_SPX_RS,-4.31277655216965
2000-12-31,RUT_SPX_RS,0.9066973217931372
2001-01-31,RUT_SPX_RS,6.88185999707378
2001-02-28,RUT_SPX_RS,12.81045547770814
2001-03-31,RUT_SPX_RS,6.019277494267916
2001-04-30,RUT_SPX_RS,4.377154265663585
2001-05-31,RUT_SPX_RS,3.3416317708582444
2001-06-30,RUT_SPX_RS,7.833590092020293
2001-07-31,RUT_SPX_RS,3.041513589979661
2001-08-31,RUT_SPX_RS,4.549310865056855
2001-09-30,RUT_SPX_RS,-7.104720534486775
2001-10-31,RUT_SPX_RS,0.9444476348954955
2001-11-30,RUT_SPX_RS,-2.1670127612779533
2001-12-31,RUT_SPX_RS,9.396269831026082
2002-01-31,RUT_SPX_RS,5.798921740846441
2002-02-28,RUT_SPX_RS,4.873562666483178
2002-03-31,RUT_SPX_RS,3.738901293320196
2002-04-30,RUT_SPX_RS,10.936673146157004
2002-05-31,RUT_SPX_RS,7.711507116696437
2002-06-30,RUT_SPX_RS,5.889497598804327
2002-07-31,RUT_SPX_RS,-9.222041962157778
2002-08-31,RUT_SPX_RS,-6.5719761957948375
2002-09-30,RUT_SPX_RS,-4.9310737805781
2002-10-31,RUT_SPX_RS,-2.042604122785741
2002-11-30,RUT_SPX_RS,1.6896980467069556
2002-12-31,RUT_SPX_RS,-2.0100753056432885
2003-01-31,RUT_SPX_RS,3.1443165910612025
2003-02-28,RUT_SPX_RS,-1.241319826314924
2003-03-31,RUT_SPX_RS,-1.2924896844012768
2003-04-30,RUT_SPX_RS,-0.0292007961136708
2003-05-31,RUT_SPX_RS,6.780120291053904
2003-06-30,RUT_SPX_RS,7.052674792277891
2003-07-31,RUT_SPX_RS,10.550579270310044
2003-08-31,RUT_SPX_RS,7.823175244684988
2003-09-30,RUT_SPX_RS,6.422632124098437
2003-10-31,RUT_SPX_RS,4.587056596261285
2003-11-30,RUT_SPX_RS,4.657889715501962
2003-12-31,RUT_SPX_RS,2.287541813834837
2004-01-31,RUT_SPX_RS,2.129737044313451
2004-02-29,RUT_SPX_RS,-0.971931002408255
2004-03-31,RUT_SPX_RS,4.652435090426121
2004-04-30,RUT_SPX_RS,-1.534660068291016
2004-05-31,RUT_SPX_RS,-0.850150876290956
2004-06-30,RUT_SPX_RS,-1.0800367635377506
2004-07-31,RUT_SPX_RS,-1.0213992438404929
2004-08-31,RUT_SPX_RS,-2.145489113841781
2004-09-30,RUT_SPX_RS,-0.8590225789836925
2004-10-31,RUT_SPX_RS,3.22680257471184
2004-11-30,RUT_SPX_RS,8.809948207768548
2004-12-31,RUT_SPX_RS,4.589768013638662
2005-01-31,RUT_SPX_RS,2.2699373803585665
2005-02-28,RUT_SPX_RS,-2.42962404074073
2005-03-31,RUT_SPX_RS,-3.0967493734794016
2005-04-30,RUT_SPX_RS,-5.193716888062571
2005-05-31,RUT_SPX_RS,-1.74859376979577
2005-06-30,RUT_SPX_RS,3.06035898897159
2005-07-31,RUT_SPX_RS,9.972533856945898
2005-08-31,RUT_SPX_RS,5.5218616265438
2005-09-30,RUT_SPX_RS,1.2149199296555002
2005-10-31,RUT_SPX_RS,-2.734047912683635
2005-11-30,RUT_SPX_RS,-0.7533301284204486
2005-12-31,RUT_SPX_RS,-0.7615810605267059
2006-01-31,RUT_SPX_RS,6.918739723219791
2006-02-28,RUT_SPX_RS,5.250519840825807
2006-03-31,RUT_SPX_RS,9.565357937699815
2006-04-30,RUT_SPX_RS,1.8453865926410409
2006-05-31,RUT_SPX_RS,-0.4967622878056299
2006-06-30,RUT_SPX_RS,-3.4497431881235
2006-07-31,RUT_SPX_RS,-5.93168930775324
2006-08-31,RUT_SPX_RS,-2.651860534039008
2006-09-30,RUT_SPX_RS,-4.793754881306011
2006-10-31,RUT_SPX_RS,1.415517858363713
2006-11-30,RUT_SPX_RS,1.561931646054382
2006-12-31,RUT_SPX_RS,2.243813750902679
2007-01-31,RUT_SPX_RS,-0.0072085434907664
2007-02-28,RUT_SPX_RS,0.4693316759637689
2007-03-31,RUT_SPX_RS,1.4736593382109753
2007-04-30,RUT_SPX_RS,-1.2519286750298897
2007-05-31,RUT_SPX_RS,-1.8456891924697905
2007-06-30,RUT_SPX_RS,-1.5930588908958598
2007-07-31,RUT_SPX_RS,-2.945988544954081
2007-08-31,RUT_SPX_RS,-2.816249006843674
2007-09-30,RUT_SPX_RS,-4.869243408188417
2007-10-31,RUT_SPX_RS,0.2068938242423046
2007-11-30,RUT_SPX_RS,-3.6319505752561376
2007-12-31,RUT_SPX_RS,-1.112228443452823
2008-01-31,RUT_SPX_RS,-3.179618733290745
2008-02-29,RUT_SPX_RS,-0.5177259348732366
2008-03-31,RUT_SPX_RS,-0.3000614468058438
2008-04-30,RUT_SPX_RS,-0.1063743695315588
2008-05-31,RUT_SPX_RS,3.6185509923782666
2008-06-30,RUT_SPX_RS,3.58977903851585
2008-07-31,RUT_SPX_RS,9.073712579123397
2008-08-31,RUT_SPX_RS,7.882457797033915
2008-09-30,RUT_SPX_RS,8.139146372694949
2008-10-31,RUT_SPX_RS,-1.5818090222147196
2008-11-30,RUT_SPX_RS,-8.420920225126071
2008-12-31,RUT_SPX_RS,-5.097846041497545
2009-01-31,RUT_SPX_RS,-3.211642650714908
2009-02-28,RUT_SPX_RS,0.2457630352298956
2009-03-31,RUT_SPX_RS,-4.17751591771739
2009-04-30,RUT_SPX_RS,4.016516778561874
2009-05-31,RUT_SPX_RS,3.1162567917532247
2009-06-30,RUT_SPX_RS,4.348167173895057
2009-07-31,RUT_SPX_RS,0.9235191756636452
2009-08-31,RUT_SPX_RS,2.713275885349309
2009-09-30,RUT_SPX_RS,3.393704329377334
2009-10-31,RUT_SPX_RS,-3.6635050358837296
2009-11-30,RUT_SPX_RS,-5.598969242315177
2009-12-31,RUT_SPX_RS,-1.891478068278796
2010-01-31,RUT_SPX_RS,3.224322759230147
2010-02-28,RUT_SPX_RS,7.553144233191711
2010-03-31,RUT_SPX_RS,3.4732466764557213
2010-04-30,RUT_SPX_RS,7.712450050649844
2010-05-31,RUT_SPX_RS,6.715063206992533
2010-06-30,RUT_SPX_RS,1.897819753625929
2010-07-31,RUT_SPX_RS,-2.153754995566415
2010-08-31,RUT_SPX_RS,-5.524973757843221
2010-09-30,RUT_SPX_RS,0.1947093802554755
2010-10-31,RUT_SPX_RS,0.6022278258958069
2010-11-30,RUT_SPX_RS,7.331768588032306
2010-12-31,RUT_SPX_RS,5.169766625257521
2011-01-31,RUT_SPX_RS,2.1920827536020315
2011-02-28,RUT_SPX_RS,0.7484435446011295
2011-03-31,RUT_SPX_RS,2.1073938722316443
2011-04-30,RUT_SPX_RS,4.463112287679483
2011-05-31,RUT_SPX_RS,1.6408493333043728
2011-06-30,RUT_SPX_RS,-1.525493966746927
2011-07-31,RUT_SPX_RS,-2.8044121701895297
2011-08-31,RUT_SPX_RS,-5.442984648635074
2011-09-30,RUT_SPX_RS,-9.129470297809906
2011-10-31,RUT_SPX_RS,-4.130544107552758
2011-11-30,RUT_SPX_RS,-0.8241297526417446
2011-12-31,RUT_SPX_RS,3.480595906232309
2012-01-31,RUT_SPX_RS,2.16608347271654
2012-02-29,RUT_SPX_RS,0.4100918373207696
2012-03-31,RUT_SPX_RS,0.0595744989968283
2012-04-30,RUT_SPX_RS,-3.2671497815615624
2012-05-31,RUT_SPX_RS,-2.08889615988328
2012-06-30,RUT_SPX_RS,-0.5616514943059148
2012-07-31,RUT_SPX_RS,-2.3667913761697634
2012-08-31,RUT_SPX_RS,-0.6957014060885891
2012-09-30,RUT_SPX_RS,-0.8362310036692744
2012-10-31,RUT_SPX_RS,1.620229586812183
2012-11-30,RUT_SPX_RS,0.5243592260176788
2012-12-31,RUT_SPX_RS,2.4507028524466845
2013-01-31,RUT_SPX_RS,3.8602599435476392
2013-02-28,RUT_SPX_RS,3.642727578234584
2013-03-31,RUT_SPX_RS,1.8221385871264093
2013-04-30,RUT_SPX_RS,-1.5093895289589598
2013-05-31,RUT_SPX_RS,0.3290468134776958
2013-06-30,RUT_SPX_RS,0.3540924527721145
2013-07-31,RUT_SPX_RS,4.552714380485301
2013-08-31,RUT_SPX_RS,2.5778099227338647
2013-09-30,RUT_SPX_RS,4.935626888767497
2013-10-31,RUT_SPX_RS,1.0084099535511817
2013-11-30,RUT_SPX_RS,2.235649862947686
2013-12-31,RUT_SPX_RS,-1.4123496552598147
2014-01-31,RUT_SPX_RS,1.2910816311796136
2014-02-28,RUT_SPX_RS,0.526116345701344
2014-03-31,RUT_SPX_RS,-0.483283254928446
2014-04-30,RUT_SPX_RS,-5.716536393899208
2014-05-31,RUT_SPX_RS,-7.298824356957789
2014-06-30,RUT_SPX_RS,-2.8616522516833
2014-07-31,RUT_SPX_RS,-3.007871516056715
2014-08-31,RUT_SPX_RS,-0.6106475697252534
2014-09-30,RUT_SPX_RS,-8.216235872999123
2014-10-31,RUT_SPX_RS,0.2346271775944375
2014-11-30,RUT_SPX_RS,-3.1970392878152287
2014-12-31,RUT_SPX_RS,4.751187409050783
2015-01-31,RUT_SPX_RS,0.4559594789970145
2015-02-28,RUT_SPX_RS,3.280761247478448
2015-03-31,RUT_SPX_RS,3.5381215247571878
2015-04-30,RUT_SPX_RS,0.1528372268393196
2015-05-31,RUT_SPX_RS,0.9284035244590428
2015-06-30,RUT_SPX_RS,0.3260826487300416
2015-07-31,RUT_SPX_RS,0.6358199686558041
2015-08-31,RUT_SPX_RS,-0.6088782846028762
2015-09-30,RUT_SPX_RS,-5.681001550266151
2015-10-31,RUT_SPX_RS,-5.09749654564462
2015-11-30,RUT_SPX_RS,-2.041454309873658
2015-12-31,RUT_SPX_RS,-3.058178714217352
2016-01-31,RUT_SPX_RS,-4.49629169515029
2016-02-29,RUT_SPX_RS,-7.087968517514353
2016-03-31,RUT_SPX_RS,-2.6768078021656705
2016-04-30,RUT_SPX_RS,2.607124173081932
2016-05-31,RUT_SPX_RS,2.918923451054889
2016-06-30,RUT_SPX_RS,1.4738984484961914
2016-07-31,RUT_SPX_RS,2.503092443791033
2016-08-31,RUT_SPX_RS,3.71113788011197
2016-09-30,RUT_SPX_RS,5.179403887313638
2016-10-31,RUT_SPX_RS,-0.1607593102151749
2016-11-30,RUT_SPX_RS,5.29676915511097
2016-12-31,RUT_SPX_RS,5.010027513078308
2017-01-31,RUT_SPX_RS,6.644887970259483
2017-02-28,RUT_SPX_RS,-2.4472428721577177
2017-03-31,RUT_SPX_RS,-3.23337276661807
2017-04-30,RUT_SPX_RS,-1.7078962967385758
2017-05-31,RUT_SPX_RS,-3.160873512177298
2017-06-30,RUT_SPX_RS,-0.4333008347550571
2017-07-31,RUT_SPX_RS,-1.7824538199345263
2017-08-31,RUT_SPX_RS,0.0760369345131906
2017-09-30,RUT_SPX_RS,1.322658637452756
2017-10-31,RUT_SPX_RS,1.1333164682190144
2017-11-30,RUT_SPX_RS,2.579754025286229
2017-12-31,RUT_SPX_RS,-2.947222810575212
2018-01-31,RUT_SPX_RS,-4.404493105324924
2018-02-28,RUT_SPX_RS,-4.443378188601022
2018-03-31,RUT_SPX_RS,0.8388769098724991
2018-04-30,RUT_SPX_RS,4.396233585030096
2018-05-31,RUT_SPX_RS,8.352615495346338
2018-06-30,RUT_SPX_RS,4.367405408072322
2018-07-31,RUT_SPX_RS,1.887923838371952
2018-08-31,RUT_SPX_RS,-0.6488101484503295
2018-09-30,RUT_SPX_RS,-3.675283134252738
2018-10-31,RUT_SPX_RS,-6.052083037612233
2018-11-30,RUT_SPX_RS,-7.408313951875267
2018-12-31,RUT_SPX_RS,-7.603244395084796
2019-01-31,RUT_SPX_RS,-0.5130096665084349
2019-02-28,RUT_SPX_RS,1.860010729182071
2019-03-31,RUT_SPX_RS,0.9820859691039407
2019-04-30,RUT_SPX_RS,-2.586477385054897
2019-05-31,RUT_SPX_RS,-5.889429399462021
2019-06-30,RUT_SPX_RS,-1.9706132848493207
2019-07-31,RUT_SPX_RS,-2.1903778312607147
2019-08-31,RUT_SPX_RS,-4.076025512554471
2019-09-30,RUT_SPX_RS,-3.900319304753508
2019-10-31,RUT_SPX_RS,-2.640157342523741
2019-11-30,RUT_SPX_RS,1.2517255651906645
2019-12-31,RUT_SPX_RS,0.9128587693539192
2020-01-31,RUT_SPX_RS,-2.716607367243762
2020-02-29,RUT_SPX_RS,-3.369216703909428
2020-03-31,RUT_SPX_RS,-13.609838955574794
2020-04-30,RUT_SPX_RS,-10.067923320350546
2020-05-31,RUT_SPX_RS,-8.374508425796446
2020-06-30,RUT_SPX_RS,4.207232854923282
2020-07-31,RUT_SPX_RS,0.5673091627255378
2020-08-31,RUT_SPX_RS,-2.556071560240292
2020-09-30,RUT_SPX_RS,-3.5700330462894114
2020-10-31,RUT_SPX_RS,3.9580233655597263
2020-11-30,RUT_SPX_RS,12.611620156152537
2020-12-31,RUT_SPX_RS,17.278244030956902
2021-01-31,RUT_SPX_RS,18.66262823486753
2021-02-28,RUT_SPX_RS,14.934267151753122
2021-03-31,RUT_SPX_RS,6.303004449799188
2021-04-30,RUT_SPX_RS,-2.9076667012831514
2021-05-31,RUT_SPX_RS,-6.54967747388816
2021-06-30,RUT_SPX_RS,-3.805258759690877
2021-07-31,RUT_SPX_RS,-6.5582272246575535
2021-08-31,RUT_SPX_RS,-6.847188539608284
2021-09-30,RUT_SPX_RS,-4.817809085181346
2021-10-31,RUT_SPX_RS,-1.521355647097411
2021-11-30,RUT_SPX_RS,-4.230820435466298
2021-12-31,RUT_SPX_RS,-7.944302300700978
2022-01-31,RUT_SPX_RS,-9.94201752176902
2022-02-28,RUT_SPX_RS,-2.7477148202497137
2022-03-31,RUT_SPX_RS,-3.0039147951081318
2022-04-30,RUT_SPX_RS,0.429792863624745
2022-05-31,RUT_SPX_RS,-3.660823808493008
2022-06-30,RUT_SPX_RS,-1.254848818979637
2022-07-31,RUT_SPX_RS,1.1736832428588917
2022-08-31,RUT_SPX_RS,3.362622669970139
2022-09-30,RUT_SPX_RS,2.8966089283201324
2022-10-31,RUT_SPX_RS,4.500190211861943
2022-11-30,RUT_SPX_RS,-0.8344913714731006
2022-12-31,RUT_SPX_RS,-1.197161756187315
2023-01-31,RUT_SPX_RS,-0.6438757090436398
2023-02-28,RUT_SPX_RS,3.3367507354346904
2023-03-31,RUT_SPX_RS,-4.378576545546153
2023-04-30,RUT_SPX_RS,-10.47424921629504
2023-05-31,RUT_SPX_RS,-12.393884094012964
2023-06-30,RUT_SPX_RS,-3.2454824730051457
2023-07-31,RUT_SPX_RS,2.887410319674544
2023-08-31,RUT_SPX_RS,0.6784999863186147
2023-09-30,RUT_SPX_RS,-1.9088259075313971
2023-10-31,RUT_SPX_RS,-9.198970315236751
2023-11-30,RUT_SPX_RS,-6.026151089591359
2023-12-31,RUT_SPX_RS,2.085275175053169
2024-01-31,RUT_SPX_RS,1.3895631256962917
2024-02-29,RUT_SPX_RS,1.809730516041208
2024-03-31,RUT_SPX_RS,-4.8558406993477465
2024-04-30,RUT_SPX_RS,-2.4609258139837054
2024-05-31,RUT_SPX_RS,-2.7156571433336385
2024-06-30,RUT_SPX_RS,-7.256086488537816
2024-07-31,RUT_SPX_RS,4.149701483900081
2024-08-31,RUT_SPX_RS,0.0910117735195115
2024-09-30,RUT_SPX_RS,3.194418325477799
2024-10-31,RUT_SPX_RS,-5.692870875019973
2024-11-30,RUT_SPX_RS,2.801272922630682
2024-12-31,RUT_SPX_RS,-2.017452234810002
2025-01-31,RUT_SPX_RS,-1.6325970016234703
2025-02-28,RUT_SPX_RS,-9.995718852306023
2025-03-31,RUT_SPX_RS,-5.449423362294792
2025-04-30,RUT_SPX_RS,-6.87549381020145
2025-05-31,RUT_SPX_RS,-3.782438529391352
2025-06-30,RUT_SPX_RS,-2.225306951496009
2025-07-31,RUT_SPX_RS,-1.0803011893561587
2025-08-31,RUT_SPX_RS,4.800220742864769
2025-09-30,RUT_SPX_RS,3.9220630245219823
2025-10-31,RUT_SPX_RS,3.897562716571024
2025-11-30,RUT_SPX_RS,-0.3356142893714997
2025-12-31,RUT_SPX_RS,-0.4722644811404497
2026-01-31,RUT_SPX_RS,3.91766278818162
2026-02-28,RUT_SPX_RS,4.820384570979863
2026-03-31,RUT_SPX_RS,5.466223762615474
2026-04-30,RUT_SPX_RS,3.1109559423525117
2026-05-31,RUT_SPX_RS,1.5005731604924577
1994-08-31,SOX_SPX_RS,6.353843493667899
1994-09-30,SOX_SPX_RS,3.489253828642447
1994-10-31,SOX_SPX_RS,12.319680143524293
1994-11-30,SOX_SPX_RS,7.50091609360779
1994-12-31,SOX_SPX_RS,9.6060773521798
1995-01-31,SOX_SPX_RS,-1.186863581694042
1995-02-28,SOX_SPX_RS,9.093221017317088
1995-03-31,SOX_SPX_RS,14.215166699338845
1995-04-30,SOX_SPX_RS,29.21688749919693
1995-05-31,SOX_SPX_RS,20.62082974722088
1995-06-30,SOX_SPX_RS,28.574288479874177
1995-07-31,SOX_SPX_RS,30.99145939013537
1995-08-31,SOX_SPX_RS,22.230650369545323
1995-09-30,SOX_SPX_RS,5.084794740725851
1995-10-31,SOX_SPX_RS,-12.780955895846846
1995-11-30,SOX_SPX_RS,-23.388022378100118
1995-12-31,SOX_SPX_RS,-30.786934083614693
1996-01-31,SOX_SPX_RS,-32.94446825555761
1996-02-29,SOX_SPX_RS,-22.646181371122896
1996-03-31,SOX_SPX_RS,-16.312172297625636
1996-04-30,SOX_SPX_RS,7.305750845836978
1996-05-31,SOX_SPX_RS,5.860312449696803
1996-06-30,SOX_SPX_RS,-4.447282741159564
1996-07-31,SOX_SPX_RS,-22.652695081667098
1996-08-31,SOX_SPX_RS,-15.543754040982073
1996-09-30,SOX_SPX_RS,4.690799745060059
1996-10-31,SOX_SPX_RS,8.869666850106306
1996-11-30,SOX_SPX_RS,20.92993125736553
1996-12-31,SOX_SPX_RS,18.94458281930929
1997-01-31,SOX_SPX_RS,38.44032820772492
1997-02-28,SOX_SPX_RS,9.802826145954068
1997-03-31,SOX_SPX_RS,9.4604804467203
1997-04-30,SOX_SPX_RS,-3.7529492834445177
1997-05-31,SOX_SPX_RS,6.315479446573069
1997-06-30,SOX_SPX_RS,-2.7264113959617364
1997-07-31,SOX_SPX_RS,8.569505710146785
1997-08-31,SOX_SPX_RS,13.07975610623513
1997-09-30,SOX_SPX_RS,16.624479497233267
1997-10-31,SOX_SPX_RS,-13.99055949782806
1997-11-30,SOX_SPX_RS,-26.678711288969293
1997-12-31,SOX_SPX_RS,-32.56262832431711
1998-01-31,SOX_SPX_RS,-10.644642696072392
1998-02-28,SOX_SPX_RS,-0.8765619183313644
1998-03-31,SOX_SPX_RS,-0.2020652145135915
1998-04-30,SOX_SPX_RS,-3.664634067326178
1998-05-31,SOX_SPX_RS,-21.167597341969213
1998-06-30,SOX_SPX_RS,-19.99676385088851
1998-07-31,SOX_SPX_RS,-19.871126126571596
1998-08-31,SOX_SPX_RS,-14.98247746470861
1998-09-30,SOX_SPX_RS,-3.544845935087304
1998-10-31,SOX_SPX_RS,4.988735854966775
1998-11-30,SOX_SPX_RS,30.18013220267075
1998-12-31,SOX_SPX_RS,36.31512254144098
1999-01-31,SOX_SPX_RS,37.456743790103154
1999-02-28,SOX_SPX_RS,9.348128052455309
1999-03-31,SOX_SPX_RS,1.0561222463577824
1999-04-30,SOX_SPX_RS,-15.598120052043484
1999-05-31,SOX_SPX_RS,3.6308167893828847
1999-06-30,SOX_SPX_RS,22.455513423360628
1999-07-31,SOX_SPX_RS,34.05667243703541
1999-08-31,SOX_SPX_RS,32.58940052457564
1999-09-30,SOX_SPX_RS,10.245993983846958
1999-10-31,SOX_SPX_RS,9.698658348817624
1999-11-30,SOX_SPX_RS,10.992285291679526
1999-12-31,SOX_SPX_RS,23.250667194989276
2000-01-31,SOX_SPX_RS,36.816542144604014
2000-02-29,SOX_SPX_RS,95.23205233145148
2000-03-31,SOX_SPX_RS,64.46551963380487
2000-04-30,SOX_SPX_RS,44.57457697797593
2000-05-31,SOX_SPX_RS,-17.950964941207303
2000-06-30,SOX_SPX_RS,-0.5817751275977612
2000-07-31,SOX_SPX_RS,-13.893915990203777
2000-08-31,SOX_SPX_RS,8.092540547342786
2000-09-30,SOX_SPX_RS,-24.39534221185734
2000-10-31,SOX_SPX_RS,-25.28327803526697
2000-11-30,SOX_SPX_RS,-46.245425705996425
2000-12-31,SOX_SPX_RS,-26.327670159360277
2001-01-31,SOX_SPX_RS,3.2807292040049507
2001-02-28,SOX_SPX_RS,6.886837752999542
2001-03-31,SOX_SPX_RS,7.55503579070711
2001-04-30,SOX_SPX_RS,-1.0539453255071884
2001-05-31,SOX_SPX_RS,9.221454465763168
2001-06-30,SOX_SPX_RS,8.51359706932202
2001-07-31,SOX_SPX_RS,-5.682644932804026
2001-08-31,SOX_SPX_RS,4.1240420706288194
2001-09-30,SOX_SPX_RS,-29.568583128863057
2001-10-31,SOX_SPX_RS,-15.487363288832034
2001-11-30,SOX_SPX_RS,-8.25337396213347
2001-12-31,SOX_SPX_RS,26.687569260853937
2002-01-31,SOX_SPX_RS,16.97192258315978
2002-02-28,SOX_SPX_RS,1.3454921342614057
2002-03-31,SOX_SPX_RS,14.064261311613112
2002-04-30,SOX_SPX_RS,-1.2756541894425657
2002-05-31,SOX_SPX_RS,-3.3085655450454943
2002-06-30,SOX_SPX_RS,-24.52135753259429
2002-07-31,SOX_SPX_RS,-25.638546339298408
2002-08-31,SOX_SPX_RS,-26.574848971277344
2002-09-30,SOX_SPX_RS,-25.371833655605126
2002-10-31,SOX_SPX_RS,-8.210863099973963
2002-11-30,SOX_SPX_RS,21.741392711249773
2002-12-31,SOX_SPX_RS,12.501060984562072
2003-01-31,SOX_SPX_RS,-4.700777275711577
2003-02-28,SOX_SPX_RS,-11.305350092099244
2003-03-31,SOX_SPX_RS,6.251515445438494
2003-04-30,SOX_SPX_RS,14.194225631515245
2003-05-31,SOX_SPX_RS,12.129557715842054
2003-06-30,SOX_SPX_RS,5.6688268466287495
2003-07-31,SOX_SPX_RS,8.49782157502672
2003-08-31,SOX_SPX_RS,14.033847349438824
2003-09-30,SOX_SPX_RS,14.190236994810256
2003-10-31,SOX_SPX_RS,20.10819963401069
2003-11-30,SOX_SPX_RS,10.550480512933946
2003-12-31,SOX_SPX_RS,8.421953640529445
2004-01-31,SOX_SPX_RS,-3.7609294260031567
2004-02-29,SOX_SPX_RS,-12.2942383732071
2004-03-31,SOX_SPX_RS,-5.349292124355076
2004-04-30,SOX_SPX_RS,-11.93498310545632
2004-05-31,SOX_SPX_RS,-0.5609530036842725
2004-06-30,SOX_SPX_RS,-1.6937795702523628
2004-07-31,SOX_SPX_RS,-5.623895158834802
2004-08-31,SOX_SPX_RS,-22.975127351568737
2004-09-30,SOX_SPX_RS,-18.932168899810144
2004-10-31,SOX_SPX_RS,-3.49838073814116
2004-11-30,SOX_SPX_RS,7.472500311569763
2004-12-31,SOX_SPX_RS,3.723842122688015
2005-01-31,SOX_SPX_RS,-6.247298153537317
2005-02-28,SOX_SPX_RS,0.5996810361963645
2005-03-31,SOX_SPX_RS,-1.2125440838180346
2005-04-30,SOX_SPX_RS,-2.517397625053885
2005-05-31,SOX_SPX_RS,-0.8974466055251651
2005-06-30,SOX_SPX_RS,-0.4071925154849443
2005-07-31,SOX_SPX_RS,15.315182097355516
2005-08-31,SOX_SPX_RS,7.834893286473177
2005-09-30,SOX_SPX_RS,9.96306086132426
2005-10-31,SOX_SPX_RS,-6.757687332658369
2005-11-30,SOX_SPX_RS,-0.7063882790248832
2005-12-31,SOX_SPX_RS,-0.6969236552649916
2006-01-31,SOX_SPX_RS,17.49637438276064
2006-02-28,SOX_SPX_RS,5.982051301075297
2006-03-31,SOX_SPX_RS,0.4559531384154436
2006-04-30,SOX_SPX_RS,-6.351427791028574
2006-05-31,SOX_SPX_RS,-10.432597494294829
2006-06-30,SOX_SPX_RS,-9.877080103446634
2006-07-31,SOX_SPX_RS,-18.02509688123957
2006-08-31,SOX_SPX_RS,-5.8401182620410825
2006-09-30,SOX_SPX_RS,-2.1203729213084666
2006-10-31,SOX_SPX_RS,2.836097040263485
2006-11-30,SOX_SPX_RS,-0.736691412290924
2006-12-31,SOX_SPX_RS,-3.257192017097288
2007-01-31,SOX_SPX_RS,-4.027425584386934
2007-02-28,SOX_SPX_RS,-1.5768859345427932
2007-03-31,SOX_SPX_RS,-0.4943494866406994
2007-04-30,SOX_SPX_RS,4.213112247872064
2007-05-31,SOX_SPX_RS,-5.2331466358291
2007-06-30,SOX_SPX_RS,1.737859917463891
2007-07-31,SOX_SPX_RS,3.130975383518808
2007-08-31,SOX_SPX_RS,5.794331700450206
2007-09-30,SOX_SPX_RS,-1.742902816647729
2007-10-31,SOX_SPX_RS,-12.790830266859032
2007-11-30,SOX_SPX_RS,-17.059615276774377
2007-12-31,SOX_SPX_RS,-15.162088522344751
2008-01-31,SOX_SPX_RS,-12.92706443807089
2008-02-29,SOX_SPX_RS,-6.551552106052771
2008-03-31,SOX_SPX_RS,-6.426872443078802
2008-04-30,SOX_SPX_RS,6.741804880360824
2008-05-31,SOX_SPX_RS,13.35146719557294
2008-06-30,SOX_SPX_RS,10.618779546823308
2008-07-31,SOX_SPX_RS,-3.2473837706672004
2008-08-31,SOX_SPX_RS,-7.237454985386837
2008-09-30,SOX_SPX_RS,-8.525523853887485
2008-10-31,SOX_SPX_RS,-8.088420186736977
2008-11-30,SOX_SPX_RS,-19.576518240512254
2008-12-31,SOX_SPX_RS,-10.725822789781835
2009-01-31,SOX_SPX_RS,2.011586075563687
2009-02-28,SOX_SPX_RS,22.389895216133727
2009-03-31,SOX_SPX_RS,23.206781447806367
2009-04-30,SOX_SPX_RS,17.463336054016665
2009-05-31,SOX_SPX_RS,9.036418581937244
2009-06-30,SOX_SPX_RS,-1.0932258697901154
2009-07-31,SOX_SPX_RS,3.160476680636415
2009-08-31,SOX_SPX_RS,1.631564696262644
2009-09-30,SOX_SPX_RS,7.6564200631692225
2009-10-31,SOX_SPX_RS,-6.321091241185595
2009-11-30,SOX_SPX_RS,-5.668863824999049
2009-12-31,SOX_SPX_RS,4.737818787272952
2010-01-31,SOX_SPX_RS,2.821795474993172
2010-02-28,SOX_SPX_RS,8.415331519333847
2010-03-31,SOX_SPX_RS,-2.881365901827815
2010-04-30,SOX_SPX_RS,7.671275738870209
2010-05-31,SOX_SPX_RS,6.410664224511531
2010-06-30,SOX_SPX_RS,2.8516290355201424
2010-07-31,SOX_SPX_RS,-0.0843382276373816
2010-08-31,SOX_SPX_RS,-10.241568675405954
2010-09-30,SOX_SPX_RS,-5.077674197662896
2010-10-31,SOX_SPX_RS,-0.5409527479469545
2010-11-30,SOX_SPX_RS,12.770341371017713
2010-12-31,SOX_SPX_RS,7.001255131412565
2011-01-31,SOX_SPX_RS,8.758945968364884
2011-02-28,SOX_SPX_RS,4.567390647342839
2011-03-31,SOX_SPX_RS,0.7395772433429926
2011-04-30,SOX_SPX_RS,-3.745022639619533
2011-05-31,SOX_SPX_RS,-5.428392863961284
2011-06-30,SOX_SPX_RS,-5.806968765746623
2011-07-31,SOX_SPX_RS,-9.178324457024534
2011-08-31,SOX_SPX_RS,-10.678011730824789
2011-09-30,SOX_SPX_RS,-3.622604229104509
2011-10-31,SOX_SPX_RS,2.990270010981999
2011-11-30,SOX_SPX_RS,2.5650812179139004
2011-12-31,SOX_SPX_RS,-3.2305346860301065
2012-01-31,SOX_SPX_RS,1.0431458863667586
2012-02-29,SOX_SPX_RS,3.7438210354856505
2012-03-31,SOX_SPX_RS,7.467497193455097
2012-04-30,SOX_SPX_RS,-5.094647453913681
2012-05-31,SOX_SPX_RS,-9.48666185030016
2012-06-30,SOX_SPX_RS,-9.13627892526515
2012-07-31,SOX_SPX_RS,-5.926205728872247
2012-08-31,SOX_SPX_RS,0.1900369263494461
2012-09-30,SOX_SPX_RS,-6.232032021233779
2012-10-31,SOX_SPX_RS,-6.573898830169611
2012-11-30,SOX_SPX_RS,-6.150652809838708
2012-12-31,SOX_SPX_RS,1.4883116131809038
2013-01-31,SOX_SPX_RS,5.999716643559205
2013-02-28,SOX_SPX_RS,6.554333874541918
2013-03-31,SOX_SPX_RS,3.334702335332129
2013-04-30,SOX_SPX_RS,0.960783340307092
2013-05-31,SOX_SPX_RS,2.026944470044101
2013-06-30,SOX_SPX_RS,4.798613283936093
2013-07-31,SOX_SPX_RS,1.89781990222766
2013-08-31,SOX_SPX_RS,-2.465703595713964
2013-09-30,SOX_SPX_RS,0.0916514809589541
2013-10-31,SOX_SPX_RS,1.856098078515589
2013-11-30,SOX_SPX_RS,0.8110689979047958
2013-12-31,SOX_SPX_RS,-0.8322840607352
2014-01-31,SOX_SPX_RS,2.831215421827449
2014-02-28,SOX_SPX_RS,7.313103290580791
2014-03-31,SOX_SPX_RS,8.260338741388118
2014-04-30,SOX_SPX_RS,2.9860785589781225
2014-05-31,SOX_SPX_RS,2.7975390305678305
2014-06-30,SOX_SPX_RS,3.524060869761203
2014-07-31,SOX_SPX_RS,2.930356805631118
2014-08-31,SOX_SPX_RS,3.328572793483797
2014-09-30,SOX_SPX_RS,-0.2129412137817699
2014-10-31,SOX_SPX_RS,0.915357816316198
2014-11-30,SOX_SPX_RS,2.9756388255383737
2014-12-31,SOX_SPX_RS,3.053514907902577
2015-01-31,SOX_SPX_RS,3.0942273082221528
2015-02-28,SOX_SPX_RS,2.386604310811013
2015-03-31,SOX_SPX_RS,0.8133184371173829
2015-04-30,SOX_SPX_RS,0.5147524860067421
2015-05-31,SOX_SPX_RS,4.161163761974263
2015-06-30,SOX_SPX_RS,-1.9214552746404376
2015-07-31,SOX_SPX_RS,-6.648926397639466
2015-08-31,SOX_SPX_RS,-12.406323099363204
2015-09-30,SOX_SPX_RS,-4.833622735230381
2015-10-31,SOX_SPX_RS,3.7181120885975583
2015-11-30,SOX_SPX_RS,5.05252635062019
2015-12-31,SOX_SPX_RS,3.405804925254885
2016-01-31,SOX_SPX_RS,-0.7301844904095245
2016-02-29,SOX_SPX_RS,-1.0812108595806391
2016-03-31,SOX_SPX_RS,1.238572724481091
2016-04-30,SOX_SPX_RS,-1.2086467356145492
2016-05-31,SOX_SPX_RS,3.586786181251478
2016-06-30,SOX_SPX_RS,0.2789386994498821
2016-07-31,SOX_SPX_RS,12.8978576342492
2016-08-31,SOX_SPX_RS,10.695547486104818
2016-09-30,SOX_SPX_RS,16.94175796551307
2016-10-31,SOX_SPX_RS,9.796660751790576
2016-11-30,SOX_SPX_RS,8.340399482439874
2016-12-31,SOX_SPX_RS,5.062380025284807
2017-01-31,SOX_SPX_RS,6.979595365977742
2017-02-28,SOX_SPX_RS,2.536725939522655
2017-03-31,SOX_SPX_RS,5.725176554381051
2017-04-30,SOX_SPX_RS,1.7820371418409753
2017-05-31,SOX_SPX_RS,10.34124491423578
2017-06-30,SOX_SPX_RS,-0.2380314538695804
2017-07-31,SOX_SPX_RS,4.1568188760043645
2017-08-31,SOX_SPX_RS,-0.3749688757064273
2017-09-30,SOX_SPX_RS,8.909380084550156
2017-10-31,SOX_SPX_RS,12.760436594345691
2017-11-30,SOX_SPX_RS,6.612142616976935
2017-12-31,SOX_SPX_RS,0.7695547135865288
2018-01-31,SOX_SPX_RS,-2.661345555884609
2018-02-28,SOX_SPX_RS,4.417928238584157
2018-03-31,SOX_SPX_RS,7.368014914618071
2018-04-30,SOX_SPX_RS,-2.534333486048179
2018-05-31,SOX_SPX_RS,1.567042626588422
2018-06-30,SOX_SPX_RS,-3.9621720303358754
2018-07-31,SOX_SPX_RS,3.325281502018562
2018-08-31,SOX_SPX_RS,-5.262723496475797
2018-09-30,SOX_SPX_RS,-2.9463793372322744
2018-10-31,SOX_SPX_RS,-8.688726462427576
2018-11-30,SOX_SPX_RS,-7.002516249364099
2018-12-31,SOX_SPX_RS,-1.753245012919713
2019-01-31,SOX_SPX_RS,6.103630468323984
2019-02-28,SOX_SPX_RS,7.970891399729352
2019-03-31,SOX_SPX_RS,6.845018502529698
2019-04-30,SOX_SPX_RS,12.294138892719952
2019-05-31,SOX_SPX_RS,-2.869639695636572
2019-06-30,SOX_SPX_RS,0.7312682622641065
2019-07-31,SOX_SPX_RS,-2.0319447181520456
2019-08-31,SOX_SPX_RS,9.185109329892605
2019-09-30,SOX_SPX_RS,5.584320904619577
2019-10-31,SOX_SPX_RS,5.037268546425056
2019-11-30,SOX_SPX_RS,6.2903424307435785
2019-12-31,SOX_SPX_RS,9.330052691901304
2020-01-31,SOX_SPX_RS,2.083666338644896
2020-02-29,SOX_SPX_RS,5.622013778936563
2020-03-31,SOX_SPX_RS,2.0891996588296324
2020-04-30,SOX_SPX_RS,7.11874387501632
2020-05-31,SOX_SPX_RS,5.401768478818614
2020-06-30,SOX_SPX_RS,10.179045034797008
2020-07-31,SOX_SPX_RS,9.871815981171729
2020-08-31,SOX_SPX_RS,6.12496158283391
2020-09-30,SOX_SPX_RS,3.625182083257883
2020-10-31,SOX_SPX_RS,5.1739558989504
2020-11-30,SOX_SPX_RS,13.883936529797005
2020-12-31,SOX_SPX_RS,11.53382070607858
2021-01-31,SOX_SPX_RS,13.159903048656751
2021-02-28,SOX_SPX_RS,9.445659381994531
2021-03-31,SOX_SPX_RS,5.6840224939638695
2021-04-30,SOX_SPX_RS,-4.3395018978769295
2021-05-31,SOX_SPX_RS,-5.832182404522146
2021-06-30,SOX_SPX_RS,-1.0341532372551754
2021-07-31,SOX_SPX_RS,2.7033200728398654
2021-08-31,SOX_SPX_RS,-0.300599447689287
2021-09-30,SOX_SPX_RS,-2.834234917883649
2021-10-31,SOX_SPX_RS,-1.868714091308588
2021-11-30,SOX_SPX_RS,11.068813318033088
2021-12-31,SOX_SPX_RS,9.464062122256678
2022-01-31,SOX_SPX_RS,2.9332149904413907
2022-02-28,SOX_SPX_RS,-6.58232290964833
2022-03-31,SOX_SPX_RS,-8.583490089495305
2022-04-30,SOX_SPX_RS,-8.394365452265706
2022-05-31,SOX_SPX_RS,-4.35984752340598
2022-06-30,SOX_SPX_RS,-10.779656142098816
2022-07-31,SOX_SPX_RS,1.663783511948802
2022-08-31,SOX_SPX_RS,-9.725918701182
2022-09-30,SOX_SPX_RS,-4.735087033406716
2022-10-31,SOX_SPX_RS,-14.27694593065072
2022-11-30,SOX_SPX_RS,2.344795914246478
2022-12-31,SOX_SPX_RS,2.5135054023789127
2023-01-31,SOX_SPX_RS,16.389845304425045
2023-02-28,SOX_SPX_RS,7.55178165966679
2023-03-31,SOX_SPX_RS,19.21786166034234
2023-04-30,SOX_SPX_RS,0.2167651812053916
2023-05-31,SOX_SPX_RS,10.869496776752264
2023-06-30,SOX_SPX_RS,4.973989576760118
2023-07-31,SOX_SPX_RS,17.150945700210475
2023-08-31,SOX_SPX_RS,-1.4255534235931733
2023-09-30,SOX_SPX_RS,-2.9610243450363227
2023-10-31,SOX_SPX_RS,-8.875093130859014
2023-11-30,SOX_SPX_RS,0.1256446827605728
2023-12-31,SOX_SPX_RS,9.301301392587824
2024-01-31,SOX_SPX_RS,14.67212578841599
2024-02-29,SOX_SPX_RS,13.751088233356
2024-03-31,SOX_SPX_RS,6.643923051585188
2024-04-30,SOX_SPX_RS,5.539084407397343
2024-05-31,SOX_SPX_RS,4.664644217921543
2024-06-30,SOX_SPX_RS,7.348823900259438
2024-07-31,SOX_SPX_RS,2.1130023340873327
2024-08-31,SOX_SPX_RS,-5.919610409393938
2024-09-30,SOX_SPX_RS,-10.421826035122171
2024-10-31,SOX_SPX_RS,-8.507743893125951
2024-11-30,SOX_SPX_RS,-10.580924508802514
2024-12-31,SOX_SPX_RS,-5.683544614788483
2025-01-31,SOX_SPX_RS,-4.227797556819968
2025-02-28,SOX_SPX_RS,-1.97835714611303
2025-03-31,SOX_SPX_RS,-10.124772665037074
2025-04-30,SOX_SPX_RS,-8.525894492843966
2025-05-31,SOX_SPX_RS,0.5405359608529503
2025-06-30,SOX_SPX_RS,17.46765226501965
2025-07-31,SOX_SPX_RS,16.462640827469997
2025-08-31,SOX_SPX_RS,9.0268847454678
2025-09-30,SOX_SPX_RS,6.541096969713389
2025-10-31,SOX_SPX_RS,19.463345095471453
2025-11-30,SOX_SPX_RS,16.88825030561505
2025-12-31,SOX_SPX_RS,8.647319029841615
2026-01-31,SOX_SPX_RS,9.073483941788307
2026-02-28,SOX_SPX_RS,14.777606195683337
2026-03-31,SOX_SPX_RS,12.33213396338584
2026-04-30,SOX_SPX_RS,26.4033323189534
2026-05-31,SOX_SPX_RS,45.467044698128966
1962-04-30,Y10_3M_CHG,-24.018181818181805
1962-05-31,Y10_3M_CHG,-16.580808080808083
1962-06-30,Y10_3M_CHG,-2.1406926406926097
1962-07-31,Y10_3M_CHG,17.128571428571426
1962-08-31,Y10_3M_CHG,10.201581027667972
1962-09-30,Y10_3M_CHG,6.989974937343302
1962-10-31,Y10_3M_CHG,-8.883116883116893
1962-11-30,Y10_3M_CHG,-5.9862700228832555
1962-12-31,Y10_3M_CHG,-11.444736842105163
1963-01-31,Y10_3M_CHG,-9.181818181818135
1963-02-28,Y10_3M_CHG,0.5321637426900505
1963-03-31,Y10_3M_CHG,6.407142857142789
1963-04-30,Y10_3M_CHG,13.731601731601684
1963-05-31,Y10_3M_CHG,0.8888888888888946
1963-06-30,Y10_3M_CHG,6.44285714285715
1963-07-31,Y10_3M_CHG,4.950216450216471
1963-08-31,Y10_3M_CHG,7.227272727272682
1963-09-30,Y10_3M_CHG,8.44999999999998
1963-10-31,Y10_3M_CHG,8.56324110671931
1963-11-30,Y10_3M_CHG,11.949197860962624
1963-12-31,Y10_3M_CHG,5.107142857142932
1964-01-31,Y10_3M_CHG,6.073122529644337
1964-02-29,Y10_3M_CHG,2.3790849673202885
1964-03-31,Y10_3M_CHG,9.095238095238045
1964-04-30,Y10_3M_CHG,6.545454545454543
1964-05-31,Y10_3M_CHG,5.444444444444407
1964-06-30,Y10_3M_CHG,-4.952380952380864
1964-07-31,Y10_3M_CHG,-4.636363636363594
1964-08-31,Y10_3M_CHG,-0.6190476190475636
1964-09-30,Y10_3M_CHG,3.3809523809522624
1964-10-31,Y10_3M_CHG,0.21861471861468473
1964-11-30,Y10_3M_CHG,-4.103174603174686
1964-12-31,Y10_3M_CHG,-2.4264069264068766
1965-01-31,Y10_3M_CHG,0.14047619047623527
1965-02-28,Y10_3M_CHG,5.833333333333357
1965-03-31,Y10_3M_CHG,3.088932806324074
1965-04-30,Y10_3M_CHG,1.4309523809522773
1965-05-31,Y10_3M_CHG,0.038888888888877204
1965-06-30,Y10_3M_CHG,0.2747035573123391
1965-07-31,Y10_3M_CHG,0.09523809523814819
1965-08-31,Y10_3M_CHG,4.077272727272696
1965-09-30,Y10_3M_CHG,7.729437229437153
1965-10-31,Y10_3M_CHG,14.4738095238095
1965-11-30,Y10_3M_CHG,19.667464114832534
1965-12-31,Y10_3M_CHG,32.49783549783558
1966-01-31,Y10_3M_CHG,26.288095238095277
1966-02-28,Y10_3M_CHG,38.31578947368426
1966-03-31,Y10_3M_CHG,25.802371541501934
1966-04-30,Y10_3M_CHG,13.76190476190473
1966-05-31,Y10_3M_CHG,-5.353383458646643
1966-06-30,Y10_3M_CHG,-5.893280632411102
1966-07-31,Y10_3M_CHG,26.79999999999998
1966-08-31,Y10_3M_CHG,44.57763975155275
1966-09-30,Y10_3M_CHG,36.78354978354976
1966-10-31,Y10_3M_CHG,-0.649999999999995
1966-11-30,Y10_3M_CHG,-6.908466819221903
1966-12-31,Y10_3M_CHG,-33.952380952380864
1967-01-31,Y10_3M_CHG,-43.24523809523812
1967-02-28,Y10_3M_CHG,-52.85964912280701
1967-03-31,Y10_3M_CHG,-30.103896103896144
1967-04-30,Y10_3M_CHG,1.4452380952381993
1967-05-31,Y10_3M_CHG,22.106060606060574
1967-06-30,Y10_3M_CHG,48.09090909090905
1967-07-31,Y10_3M_CHG,56.55000000000001
1967-08-31,Y10_3M_CHG,42.792490118577135
1967-09-30,Y10_3M_CHG,27.9272727272728
1967-10-31,Y10_3M_CHG,32.19523809523803
1967-11-30,Y10_3M_CHG,47.784782608695586
1967-12-31,Y10_3M_CHG,39.69999999999993
1968-01-31,Y10_3M_CHG,4.768398268398233
1968-02-29,Y10_3M_CHG,-18.981578947368405
1968-03-31,Y10_3M_CHG,4.100000000000037
1968-04-30,Y10_3M_CHG,10.986363636363627
1968-05-31,Y10_3M_CHG,30.58612440191384
1968-06-30,Y10_3M_CHG,-2.200000000000024
1968-07-31,Y10_3M_CHG,-14.304545454545359
1968-08-31,Y10_3M_CHG,-44.909090909090835
1968-09-30,Y10_3M_CHG,-25.8
1968-10-31,Y10_3M_CHG,8.715415019762851
1968-11-30,Y10_3M_CHG,27.56565656565657
1968-12-31,Y10_3M_CHG,57.19047619047623
1969-01-31,Y10_3M_CHG,45.920948616600654
1969-02-28,Y10_3M_CHG,49.283625730994096
1969-03-31,Y10_3M_CHG,26.409523809523794
1969-04-30,Y10_3M_CHG,13.15151515151518
1969-05-31,Y10_3M_CHG,13.438596491228072
1969-06-30,Y10_3M_CHG,27.828571428571447
1969-07-31,Y10_3M_CHG,54.61904761904775
1969-08-31,Y10_3M_CHG,36.809523809523895
1969-09-30,Y10_3M_CHG,58.52380952380942
1969-10-31,Y10_3M_CHG,37.59307359307344
1969-11-30,Y10_3M_CHG,45.268907563025174
1969-12-31,Y10_3M_CHG,49.45670995670994
1970-01-31,Y10_3M_CHG,69.930735930736
1970-02-28,Y10_3M_CHG,9.421568627450938
1970-03-31,Y10_3M_CHG,-58.123376623376544
1970-04-30,Y10_3M_CHG,-40.38528138528142
1970-05-31,Y10_3M_CHG,66.78571428571428
1970-06-30,Y10_3M_CHG,76.89610389610397
1970-07-31,Y10_3M_CHG,6.63636363636364
1970-08-31,Y10_3M_CHG,-37.904761904761926
1970-09-30,Y10_3M_CHG,-45.22943722943724
1970-10-31,Y10_3M_CHG,-13.060606060605995
1970-11-30,Y10_3M_CHG,-68.60317460317455
1970-12-31,Y10_3M_CHG,-99.81601731601745
1971-01-31,Y10_3M_CHG,-108.81666666666669
1971-02-28,Y10_3M_CHG,-72.88888888888891
1971-03-31,Y10_3M_CHG,-68.78853754940701
1971-04-30,Y10_3M_CHG,-40.46904761904759
1971-05-31,Y10_3M_CHG,28.027777777777807
1971-06-30,Y10_3M_CHG,81.87944664031619
1971-07-31,Y10_3M_CHG,89.5714285714285
1971-08-31,Y10_3M_CHG,19.022727272727202
1971-09-30,Y10_3M_CHG,-38.274891774891714
1971-10-31,Y10_3M_CHG,-80.37343358395984
1971-11-30,Y10_3M_CHG,-77.27272727272717
1971-12-31,Y10_3M_CHG,-21.316017316017444
1972-01-31,Y10_3M_CHG,2.1829573934836866
1972-02-29,Y10_3M_CHG,27.09999999999999
1972-03-31,Y10_3M_CHG,14.227272727272755
1972-04-30,Y10_3M_CHG,24.688095238095187
1972-05-31,Y10_3M_CHG,4.536363636363561
1972-06-30,Y10_3M_CHG,3.8181818181818095
1972-07-31,Y10_3M_CHG,-8.149999999999924
1972-08-31,Y10_3M_CHG,8.40711462450594
1972-09-30,Y10_3M_CHG,44.26818181818186
1972-10-31,Y10_3M_CHG,36.649999999999935
1972-11-30,Y10_3M_CHG,7.006521739130456
1972-12-31,Y10_3M_CHG,-19.099999999999984
1973-01-31,Y10_3M_CHG,-1.4954545454544999
1973-02-28,Y10_3M_CHG,35.505555555555546
1973-03-31,Y10_3M_CHG,35.05909090909087
1973-04-30,Y10_3M_CHG,20.395454545454506
1973-05-31,Y10_3M_CHG,21.17171717171713
1973-06-30,Y10_3M_CHG,19.090909090909136
1973-07-31,Y10_3M_CHG,46.24523809523815
1973-08-31,Y10_3M_CHG,55.750988142292535
1973-09-30,Y10_3M_CHG,19.0526315789473
1973-10-31,Y10_3M_CHG,-33.666666666666686
1973-11-30,Y10_3M_CHG,-67.62826086956525
1973-12-31,Y10_3M_CHG,-34.68421052631578
1974-01-31,Y10_3M_CHG,19.435064935064883
1974-02-28,Y10_3M_CHG,22.872222222222316
1974-03-31,Y10_3M_CHG,46.536340852130294
1974-04-30,Y10_3M_CHG,52.37445887445888
1974-05-31,Y10_3M_CHG,61.868686868686765
1974-06-30,Y10_3M_CHG,32.64523809523823
1974-07-31,Y10_3M_CHG,29.261904761904844
1974-08-31,Y10_3M_CHG,46.818181818181955
1974-09-30,Y10_3M_CHG,50.19999999999989
1974-10-31,Y10_3M_CHG,9.181818181818091
1974-11-30,Y10_3M_CHG,-36.297979797979885
1974-12-31,Y10_3M_CHG,-60.36904761904766
1975-01-31,Y10_3M_CHG,-39.54545454545455
1975-02-28,Y10_3M_CHG,-28.888888888888875
1975-03-31,Y10_3M_CHG,29.419047619047678
1975-04-30,Y10_3M_CHG,72.54545454545456
1975-05-31,Y10_3M_CHG,66.73015873015879
1975-06-30,Y10_3M_CHG,13.295238095238204
1975-07-31,Y10_3M_CHG,-16.545454545454596
1975-08-31,Y10_3M_CHG,33.80952380952369
1975-09-30,Y10_3M_CHG,56.571428571428584
1975-10-31,Y10_3M_CHG,7.636363636363797
1975-11-30,Y10_3M_CHG,-34.467787114845905
1975-12-31,Y10_3M_CHG,-42.984848484848555
1976-01-31,Y10_3M_CHG,-39.5346320346321
1976-02-29,Y10_3M_CHG,-26.01633986928098
1976-03-31,Y10_3M_CHG,-26.247035573122623
1976-04-30,Y10_3M_CHG,-17.809523809523853
1976-05-31,Y10_3M_CHG,10.222222222222221
1976-06-30,Y10_3M_CHG,12.701581027667963
1976-07-31,Y10_3M_CHG,26.76190476190481
1976-08-31,Y10_3M_CHG,-12.63636363636369
1976-09-30,Y10_3M_CHG,-26.707792207792203
1976-10-31,Y10_3M_CHG,-42.09047619047625
1976-11-30,Y10_3M_CHG,-47.758373205741655
1976-12-31,Y10_3M_CHG,-72.51948051948042
1977-01-31,Y10_3M_CHG,-19.766666666666666
1977-02-28,Y10_3M_CHG,10.000000000000053
1977-03-31,Y10_3M_CHG,59.09090909090917
1977-04-30,Y10_3M_CHG,15.71666666666669
1977-05-31,Y10_3M_CHG,6.561403508771946
1977-06-30,Y10_3M_CHG,-18.454545454545546
1977-07-31,Y10_3M_CHG,-4.049999999999887
1977-08-31,Y10_3M_CHG,-6.014492753623202
1977-09-30,Y10_3M_CHG,6.835497835497861
1977-10-31,Y10_3M_CHG,19.349999999999934
1977-11-30,Y10_3M_CHG,18.084668192219677
1977-12-31,Y10_3M_CHG,34.142857142857075
1978-01-31,Y10_3M_CHG,43.26904761904764
1978-02-28,Y10_3M_CHG,45.59649122807015
1978-03-31,Y10_3M_CHG,35.06709956709955
1978-04-30,Y10_3M_CHG,19.78095238095232
1978-05-31,Y10_3M_CHG,31.238095238095198
1978-06-30,Y10_3M_CHG,42.63636363636376
1978-07-31,Y10_3M_CHG,48.600000000000065
1978-08-31,Y10_3M_CHG,6.5155279503105845
1978-09-30,Y10_3M_CHG,-4.577272727272685
1978-10-31,Y10_3M_CHG,0.23809523809514843
1978-11-30,Y10_3M_CHG,39.41304347826087
1978-12-31,Y10_3M_CHG,58.99999999999981
1979-01-31,Y10_3M_CHG,45.716450216450255
1979-02-28,Y10_3M_CHG,29.3333333333333
1979-03-31,Y10_3M_CHG,11.077272727272813
1979-04-30,Y10_3M_CHG,8.2454545454544
1979-05-31,Y10_3M_CHG,15.404761904762054
1979-06-30,Y10_3M_CHG,-20.34632034632029
1979-07-31,Y10_3M_CHG,-23.199999999999932
1979-08-31,Y10_3M_CHG,-22.281573498964846
1979-09-30,Y10_3M_CHG,42.09273182957389
1979-10-31,Y10_3M_CHG,134.90909090909096
1979-11-30,Y10_3M_CHG,162.35926773455364
1979-12-31,Y10_3M_CHG,105.12631578947361
1980-01-31,Y10_3M_CHG,50.318181818181884
1980-02-29,Y10_3M_CHG,176.1578947368422
1980-03-31,Y10_3M_CHG,236.30476190476202
1980-04-30,Y10_3M_CHG,67.10606060606051
1980-05-31,Y10_3M_CHG,-223.33082706766908
1980-06-30,Y10_3M_CHG,-297.09523809523813
1980-07-31,Y10_3M_CHG,-122.56060606060598
1980-08-31,Y10_3M_CHG,92.04761904761902
1980-09-30,Y10_3M_CHG,173.04761904761907
1980-10-31,Y10_3M_CHG,150.3636363636362
1980-11-30,Y10_3M_CHG,158.28011204481777
1980-12-31,Y10_3M_CHG,133.551948051948
1981-01-31,Y10_3M_CHG,81.72077922077925
1981-02-28,Y10_3M_CHG,50.97385620915045
1981-03-31,Y10_3M_CHG,27.18181818181833
1981-04-30,Y10_3M_CHG,111.09523809523819
1981-05-31,Y10_3M_CHG,90.50555555555562
1981-06-30,Y10_3M_CHG,35.63636363636338
1981-07-31,Y10_3M_CHG,60.13852813852818
1981-08-31,Y10_3M_CHG,83.76428571428569
1981-09-30,Y10_3M_CHG,185.15367965367986
1981-10-31,Y10_3M_CHG,86.71861471861479
1981-11-30,Y10_3M_CHG,-154.43650793650806
1981-12-31,Y10_3M_CHG,-159.92640692640697
1982-01-31,Y10_3M_CHG,-55.409523809523975
1982-02-28,Y10_3M_CHG,103.27777777777794
1982-03-31,Y10_3M_CHG,13.675889328063207
1982-04-30,Y10_3M_CHG,-72.20952380952372
1982-05-31,Y10_3M_CHG,-80.30555555555577
1982-06-30,Y10_3M_CHG,43.82411067193672
1982-07-31,Y10_3M_CHG,7.428571428571473
1982-08-31,Y10_3M_CHG,-56.7499999999999
1982-09-30,Y10_3M_CHG,-196.04978354978346
1982-10-31,Y10_3M_CHG,-303.9690476190477
1982-11-30,Y10_3M_CHG,-250.44736842105254
1982-12-31,Y10_3M_CHG,-179.904761904762
1983-01-31,Y10_3M_CHG,-44.93571428571421
1983-02-28,Y10_3M_CHG,17.42105263157896
1983-03-31,Y10_3M_CHG,-3.3478260869564735
1983-04-30,Y10_3M_CHG,-5.714285714285694
1983-05-31,Y10_3M_CHG,-34.47368421052648
1983-06-30,Y10_3M_CHG,34.21146245059283
1983-07-31,Y10_3M_CHG,97.69999999999985
1983-08-31,Y10_3M_CHG,146.60869565217388
1983-09-30,Y10_3M_CHG,80.517316017316
1983-10-31,Y10_3M_CHG,16.400000000000148
1983-11-30,Y10_3M_CHG,-15.608695652173665
1983-12-31,Y10_3M_CHG,17.571428571428704
1984-01-31,Y10_3M_CHG,13.3285714285714
1984-02-29,Y10_3M_CHG,15.21052631578943
1984-03-31,Y10_3M_CHG,48.956709956709865
1984-04-30,Y10_3M_CHG,95.92142857142854
1984-05-31,Y10_3M_CHG,156.65311004784678
1984-06-30,Y10_3M_CHG,124.37662337662339
1984-07-31,Y10_3M_CHG,72.8880952380953
1984-08-31,Y10_3M_CHG,-69.25494071146261
1984-09-30,Y10_3M_CHG,-104.02255639097734
1984-10-31,Y10_3M_CHG,-120.19264069264094
1984-11-30,Y10_3M_CHG,-114.34553775743694
1984-12-31,Y10_3M_CHG,-102.31315789473676
1985-01-31,Y10_3M_CHG,-77.616883116883
1985-02-28,Y10_3M_CHG,-6.374269005847921
1985-03-31,Y10_3M_CHG,35.57380952380953
1985-04-30,Y10_3M_CHG,5.047619047619101
1985-05-31,Y10_3M_CHG,-66.20707070707077
1985-06-30,Y10_3M_CHG,-169.92380952380958
1985-07-31,Y10_3M_CHG,-112.79437229437228
1985-08-31,Y10_3M_CHG,-51.49999999999988
1985-09-30,Y10_3M_CHG,21.715789473684133
1985-10-31,Y10_3M_CHG,-7.000000000000028
1985-11-30,Y10_3M_CHG,-55.02392344497604
1985-12-31,Y10_3M_CHG,-111.41102756892226
1986-01-31,Y10_3M_CHG,-104.30086580086578
1986-02-28,Y10_3M_CHG,-107.73684210526326
1986-03-31,Y10_3M_CHG,-148.054761904762
1986-04-30,Y10_3M_CHG,-189.4718614718614
1986-05-31,Y10_3M_CHG,-99.46867167919793
1986-06-30,Y10_3M_CHG,2.102380952381022
1986-07-31,Y10_3M_CHG,0.4090909090908035
1986-08-31,Y10_3M_CHG,-54.38095238095242
1986-09-30,Y10_3M_CHG,-35.190476190476176
1986-10-31,Y10_3M_CHG,12.318181818181806
1986-11-30,Y10_3M_CHG,8.484126984126927
1986-12-31,Y10_3M_CHG,-33.48917748917755
1987-01-31,Y10_3M_CHG,-34.18636363636356
1987-02-28,Y10_3M_CHG,-0.0029239766081268215
1987-03-31,Y10_3M_CHG,13.590909090909165
1987-04-30,Y10_3M_CHG,93.83571428571429
1987-05-31,Y10_3M_CHG,136.2473684210526
1987-06-30,Y10_3M_CHG,115.36363636363633
1987-07-31,Y10_3M_CHG,42.39610389610373
1987-08-31,Y10_3M_CHG,14.747619047619054
1987-09-30,Y10_3M_CHG,101.96320346320356
1987-10-31,Y10_3M_CHG,107.3181818181821
1987-11-30,Y10_3M_CHG,10.005012531328283
1987-12-31,Y10_3M_CHG,-43.417748917749144
1988-01-31,Y10_3M_CHG,-85.4210526315791
1988-02-29,Y10_3M_CHG,-64.85263157894732
1988-03-31,Y10_3M_CHG,-61.424901185770686
1988-04-30,Y10_3M_CHG,5.271052631579032
1988-05-31,Y10_3M_CHG,87.70476190476195
1988-06-30,Y10_3M_CHG,54.78853754940722
1988-07-31,Y10_3M_CHG,33.750000000000036
1988-08-31,Y10_3M_CHG,17.138716356107686
1988-09-30,Y10_3M_CHG,5.577922077922004
1988-10-31,Y10_3M_CHG,-26.05000000000004
1988-11-30,Y10_3M_CHG,-29.793478260869577
1988-12-31,Y10_3M_CHG,12.857142857142811
1989-01-31,Y10_3M_CHG,29.599999999999937
1989-02-28,Y10_3M_CHG,20.64473684210526
1989-03-31,Y10_3M_CHG,25.201298701298747
1989-04-30,Y10_3M_CHG,8.399999999999963
1989-05-31,Y10_3M_CHG,-30.98564593301436
1989-06-30,Y10_3M_CHG,-108.0454545454545
1989-07-31,Y10_3M_CHG,-115.7
1989-08-31,Y10_3M_CHG,-74.64822134387354
1989-09-30,Y10_3M_CHG,-8.677272727272722
1989-10-31,Y10_3M_CHG,-1.0880952380951214
1989-11-30,Y10_3M_CHG,-23.832298136645935
1989-12-31,Y10_3M_CHG,-35.44999999999998
1990-01-31,Y10_3M_CHG,19.90476190476187
1990-02-28,Y10_3M_CHG,59.887218045112874
1990-03-31,Y10_3M_CHG,75.26363636363627
1990-04-30,Y10_3M_CHG,57.883333333333375
1990-05-31,Y10_3M_CHG,28.50239234449745
1990-06-30,Y10_3M_CHG,-10.863636363636253
1990-07-31,Y10_3M_CHG,-31.407142857142922
1990-08-31,Y10_3M_CHG,-0.5573122529643371
1990-09-30,Y10_3M_CHG,41.315789473684106
1990-10-31,Y10_3M_CHG,24.811688311688407
1990-11-30,Y10_3M_CHG,-36.0608695652175
1990-12-31,Y10_3M_CHG,-81.81578947368422
1991-01-31,Y10_3M_CHG,-62.76406926406928
1991-02-28,Y10_3M_CHG,-53.726315789473574
1991-03-31,Y10_3M_CHG,3.500000000000014
1991-04-30,Y10_3M_CHG,-5.281385281385376
1991-05-31,Y10_3M_CHG,21.299043062200962
1991-06-30,Y10_3M_CHG,17.400000000000126
1991-07-31,Y10_3M_CHG,23.36363636363643
1991-08-31,Y10_3M_CHG,-16.772727272727295
1991-09-30,Y10_3M_CHG,-63.400000000000034
1991-10-31,Y10_3M_CHG,-74.5454545454546
1991-11-30,Y10_3M_CHG,-48.26315789473688
1991-12-31,Y10_3M_CHG,-56.14285714285714
1992-01-31,Y10_3M_CHG,-49.48917748917747
1992-02-29,Y10_3M_CHG,-7.9473684210526585
1992-03-31,Y10_3M_CHG,45.370129870129894
1992-04-30,Y10_3M_CHG,44.80952380952381
1992-05-31,Y10_3M_CHG,5.410526315789532
1992-06-30,Y10_3M_CHG,-28.045454545454618
1992-07-31,Y10_3M_CHG,-63.5930735930736
1992-08-31,Y10_3M_CHG,-80.6285714285714
1992-09-30,Y10_3M_CHG,-84.65800865800865
1992-10-31,Y10_3M_CHG,-25.549783549783545
1992-11-30,Y10_3M_CHG,28.74436090225556
1992-12-31,Y10_3M_CHG,35.47619047619044
1993-01-31,Y10_3M_CHG,1.0952380952381269
1993-02-28,Y10_3M_CHG,-61.42105263157891
1993-03-31,Y10_3M_CHG,-79.47826086956518
1993-04-30,Y10_3M_CHG,-63.04761904761911
1993-05-31,Y10_3M_CHG,-22.344736842105295
1993-06-30,Y10_3M_CHG,-1.2490118577074938
1993-07-31,Y10_3M_CHG,-16.42857142857146
1993-08-31,Y10_3M_CHG,-35.77727272727272
1993-09-30,Y10_3M_CHG,-60.27272727272725
1993-10-31,Y10_3M_CHG,-47.12380952380953
1993-11-30,Y10_3M_CHG,4.6272727272727465
1993-12-31,Y10_3M_CHG,41.40909090909091
1994-01-31,Y10_3M_CHG,41.6500000000001
1994-02-28,Y10_3M_CHG,24.915789473684136
1994-03-31,Y10_3M_CHG,70.85177865612647
1994-04-30,Y10_3M_CHG,122.1605263157894
1994-05-31,Y10_3M_CHG,121.01754385964911
1994-06-30,Y10_3M_CHG,61.875494071146164
1994-07-31,Y10_3M_CHG,32.589473684210546
1994-08-31,Y10_3M_CHG,5.275362318840671
1994-09-30,Y10_3M_CHG,35.57792207792217
1994-10-31,Y10_3M_CHG,44.59999999999997
1994-11-30,Y10_3M_CHG,71.89130434782606
1994-12-31,Y10_3M_CHG,35.66666666666664
1995-01-31,Y10_3M_CHG,3.5500000000000753
1995-02-28,Y10_3M_CHG,-48.55263157894747
1995-03-31,Y10_3M_CHG,-60.9026915113871
1995-04-30,Y10_3M_CHG,-71.68684210526325
1995-05-31,Y10_3M_CHG,-83.67464114832516
1995-06-30,Y10_3M_CHG,-103.66007905138348
1995-07-31,Y10_3M_CHG,-78.46315789473675
1995-08-31,Y10_3M_CHG,-14.446640316205706
1995-09-30,Y10_3M_CHG,2.93181818181818
1995-10-31,Y10_3M_CHG,-23.32380952380957
1995-11-30,Y10_3M_CHG,-55.77846790890266
1995-12-31,Y10_3M_CHG,-48.59999999999998
1996-01-31,Y10_3M_CHG,-39.238095238095205
1996-02-29,Y10_3M_CHG,-12.497619047618969
1996-03-31,Y10_3M_CHG,55.70714285714278
1996-04-30,Y10_3M_CHG,85.8982683982684
1996-05-31,Y10_3M_CHG,93.13181818181819
1996-06-30,Y10_3M_CHG,64.3428571428573
1996-07-31,Y10_3M_CHG,35.40909090909086
1996-08-31,Y10_3M_CHG,-10.136363636363743
1996-09-30,Y10_3M_CHG,-8.000000000000007
1996-10-31,Y10_3M_CHG,-33.181818181818116
1996-11-30,Y10_3M_CHG,-43.177033492822844
1996-12-31,Y10_3M_CHG,-52.961904761904854
1997-01-31,Y10_3M_CHG,4.541125541125446
1997-02-28,Y10_3M_CHG,21.57894736842101
1997-03-31,Y10_3M_CHG,39.21190476190475
1997-04-30,Y10_3M_CHG,30.640692640692624
1997-05-31,Y10_3M_CHG,29.1478696741855
1997-06-30,Y10_3M_CHG,-20.06904761904753
1997-07-31,Y10_3M_CHG,-66.5
1997-08-31,Y10_3M_CHG,-41.238095238095255
1997-09-30,Y10_3M_CHG,-28.523809523809618
1997-10-31,Y10_3M_CHG,-19.09090909090896
1997-11-30,Y10_3M_CHG,-42.35714285714289
1997-12-31,Y10_3M_CHG,-39.99350649350646
1998-01-31,Y10_3M_CHG,-48.5045454545455
1998-02-28,Y10_3M_CHG,-30.026315789473657
1998-03-31,Y10_3M_CHG,-16.136363636363615
1998-04-30,Y10_3M_CHG,9.31190476190471
1998-05-31,Y10_3M_CHG,7.776315789473642
1998-06-30,Y10_3M_CHG,-15.090909090909133
1998-07-31,Y10_3M_CHG,-17.625541125541044
1998-08-31,Y10_3M_CHG,-31.059523809523792
1998-09-30,Y10_3M_CHG,-68.96969696969694
1998-10-31,Y10_3M_CHG,-93.13636363636375
1998-11-30,Y10_3M_CHG,-51.45363408521302
1998-12-31,Y10_3M_CHG,-16.166666666666707
1999-01-31,Y10_3M_CHG,19.210526315789522
1999-02-28,Y10_3M_CHG,17.157894736842128
1999-03-31,Y10_3M_CHG,58.76086956521745
1999-04-30,Y10_3M_CHG,46.244019138756
1999-05-31,Y10_3M_CHG,54.05526315789464
1999-06-30,Y10_3M_CHG,66.69367588932803
1999-07-31,Y10_3M_CHG,60.73593073593075
1999-08-31,Y10_3M_CHG,39.95909090909091
1999-09-30,Y10_3M_CHG,1.5692640692640758
1999-10-31,Y10_3M_CHG,32.0095238095238
1999-11-30,Y10_3M_CHG,9.490909090909128
1999-12-31,Y10_3M_CHG,36.02164502164502
2000-01-31,Y10_3M_CHG,54.89999999999995
2000-02-29,Y10_3M_CHG,48.54999999999991
2000-03-31,Y10_3M_CHG,-1.8932806324110096
2000-04-30,Y10_3M_CHG,-67.0473684210526
2000-05-31,Y10_3M_CHG,-7.904545454545353
2000-06-30,Y10_3M_CHG,-15.924901185770768
2000-07-31,Y10_3M_CHG,6.347368421052657
2000-08-31,Y10_3M_CHG,-61.43675889328062
2000-09-30,Y10_3M_CHG,-29.827272727272724
2000-10-31,Y10_3M_CHG,-31.542857142857184
2000-11-30,Y10_3M_CHG,-10.894409937888216
2000-12-31,Y10_3M_CHG,-55.850000000000044
2001-01-31,Y10_3M_CHG,-57.76190476190477
2001-02-28,Y10_3M_CHG,-61.81954887218044
2001-03-31,Y10_3M_CHG,-35.50454545454542
2001-04-30,Y10_3M_CHG,-1.9952380952380722
2001-05-31,Y10_3M_CHG,29.24162679425839
2001-06-30,Y10_3M_CHG,39.88311688311681
2001-07-31,Y10_3M_CHG,9.519047619047694
2001-08-31,Y10_3M_CHG,-42.00592885375496
2001-09-30,Y10_3M_CHG,-55.25210084033611
2001-10-31,Y10_3M_CHG,-66.93722943722955
2001-11-30,Y10_3M_CHG,-31.980434782608658
2001-12-31,Y10_3M_CHG,35.57352941176477
2002-01-31,Y10_3M_CHG,46.88961038961041
2002-02-28,Y10_3M_CHG,26.00789473684202
2002-03-31,Y10_3M_CHG,19.650000000000034
2002-04-30,Y10_3M_CHG,17.519480519480535
2002-05-31,Y10_3M_CHG,25.29665071770344
2002-06-30,Y10_3M_CHG,-35.750000000000085
2002-07-31,Y10_3M_CHG,-55.772727272727266
2002-08-31,Y10_3M_CHG,-90.7272727272728
2002-09-30,Y10_3M_CHG,-105.64999999999998
2002-10-31,Y10_3M_CHG,-71.22727272727273
2002-11-30,Y10_3M_CHG,-20.88516746411475
2002-12-31,Y10_3M_CHG,16.238095238095163
2003-01-31,Y10_3M_CHG,10.766233766233713
2003-02-28,Y10_3M_CHG,-14.578947368421069
2003-03-31,Y10_3M_CHG,-22.523809523809433
2003-04-30,Y10_3M_CHG,-8.999999999999986
2003-05-31,Y10_3M_CHG,-33.358395989974944
2003-06-30,Y10_3M_CHG,-47.285714285714334
2003-07-31,Y10_3M_CHG,1.6883116883117832
2003-08-31,Y10_3M_CHG,87.61904761904754
2003-09-30,Y10_3M_CHG,94.00000000000009
2003-10-31,Y10_3M_CHG,31.499999999999908
2003-11-30,Y10_3M_CHG,-14.523809523809383
2003-12-31,Y10_3M_CHG,-0.6558441558442318
2004-01-31,Y10_3M_CHG,-13.9954545454545
2004-02-29,Y10_3M_CHG,-21.578947368421186
2004-03-31,Y10_3M_CHG,-44.12055335968375
2004-04-30,Y10_3M_CHG,19.71190476190472
2004-05-31,Y10_3M_CHG,63.128947368421166
2004-06-30,Y10_3M_CHG,90.72877846790885
2004-07-31,Y10_3M_CHG,15.047619047619154
2004-08-31,Y10_3M_CHG,-43.41363636363642
2004-09-30,Y10_3M_CHG,-60.809523809523824
2004-10-31,Y10_3M_CHG,-40.10952380952393
2004-11-30,Y10_3M_CHG,-8.736363636363631
2004-12-31,Y10_3M_CHG,10.519480519480506
2005-01-31,Y10_3M_CHG,12.450000000000117
2005-02-28,Y10_3M_CHG,-2.873684210526317
2005-03-31,Y10_3M_CHG,26.68181818181825
2005-04-30,Y10_3M_CHG,11.945238095237976
2005-05-31,Y10_3M_CHG,-2.097744360902265
2005-06-30,Y10_3M_CHG,-49.954545454545496
2005-07-31,Y10_3M_CHG,-16.345238095238024
2005-08-31,Y10_3M_CHG,11.832298136646013
2005-09-30,Y10_3M_CHG,20.086580086580064
2005-10-31,Y10_3M_CHG,28.59999999999996
2005-11-30,Y10_3M_CHG,27.239130434782588
2005-12-31,Y10_3M_CHG,26.80952380952384
2006-01-31,Y10_3M_CHG,-4.749999999999943
2006-02-28,Y10_3M_CHG,3.394736842105228
2006-03-31,Y10_3M_CHG,25.67701863354044
2006-04-30,Y10_3M_CHG,57.45263157894733
2006-05-31,Y10_3M_CHG,54.10526315789479
2006-06-30,Y10_3M_CHG,38.2450592885375
2006-07-31,Y10_3M_CHG,9.697368421052666
2006-08-31,Y10_3M_CHG,-23.34782608695658
2006-09-30,Y10_3M_CHG,-38.736363636363706
2006-10-31,Y10_3M_CHG,-35.845238095238145
2006-11-30,Y10_3M_CHG,-28.128364389233962
2006-12-31,Y10_3M_CHG,-15.449999999999964
2007-01-31,Y10_3M_CHG,3.0476190476190546
2007-02-28,Y10_3M_CHG,12.739348370927406
2007-03-31,Y10_3M_CHG,0.004545454545468175
2007-04-30,Y10_3M_CHG,-6.571428571428495
2007-05-31,Y10_3M_CHG,2.373205741626716
2007-06-30,Y10_3M_CHG,53.83116883116878
2007-07-31,Y10_3M_CHG,31.04761904761899
2007-08-31,Y10_3M_CHG,-7.1581027667984465
2007-09-30,Y10_3M_CHG,-58.12781954887214
2007-10-31,Y10_3M_CHG,-47.65584415584421
2007-11-30,Y10_3M_CHG,-52.62826086956514
2007-12-31,Y10_3M_CHG,-42.40789473684208
2008-01-31,Y10_3M_CHG,-78.34415584415582
2008-02-29,Y10_3M_CHG,-41.10000000000005
2008-03-31,Y10_3M_CHG,-58.74999999999999
2008-04-30,Y10_3M_CHG,-6.9285714285714395
2008-05-31,Y10_3M_CHG,14.250000000000052
2008-06-30,Y10_3M_CHG,58.95238095238091
2008-07-31,Y10_3M_CHG,33.272727272727295
2008-08-31,Y10_3M_CHG,0.5714285714284895
2008-09-30,Y10_3M_CHG,-41.333333333333314
2008-10-31,Y10_3M_CHG,-19.36363636363638
2008-11-30,Y10_3M_CHG,-35.90476190476184
2008-12-31,Y10_3M_CHG,-126.98268398268398
2009-01-31,Y10_3M_CHG,-129.65909090909088
2009-02-28,Y10_3M_CHG,-65.66666666666667
2009-03-31,Y10_3M_CHG,40.31818181818183
2009-04-30,Y10_3M_CHG,40.964285714285694
2009-05-31,Y10_3M_CHG,42.300000000000004
2009-06-30,Y10_3M_CHG,90.22727272727269
2009-07-31,Y10_3M_CHG,63.51298701298704
2009-08-31,Y10_3M_CHG,29.414285714285704
2009-09-30,Y10_3M_CHG,-31.99134199134197
2009-10-31,Y10_3M_CHG,-17.465367965367975
2009-11-30,Y10_3M_CHG,-18.45112781954885
2009-12-31,Y10_3M_CHG,18.80952380952383
2010-01-31,Y10_3M_CHG,34.55388471177949
2010-02-28,Y10_3M_CHG,28.842105263157826
2010-03-31,Y10_3M_CHG,13.73913043478261
2010-04-30,Y10_3M_CHG,11.366028708133902
2010-05-31,Y10_3M_CHG,-27.105263157894655
2010-06-30,Y10_3M_CHG,-52.330039525691774
2010-07-31,Y10_3M_CHG,-83.53896103896102
2010-08-31,Y10_3M_CHG,-72.13636363636367
2010-09-30,Y10_3M_CHG,-55.64718614718611
2010-10-31,Y10_3M_CHG,-47.14285714285715
2010-11-30,Y10_3M_CHG,6.436363636363618
2010-12-31,Y10_3M_CHG,64.32900432900435
2011-01-31,Y10_3M_CHG,85.39999999999996
2011-02-28,Y10_3M_CHG,81.33157894736844
2011-03-31,Y10_3M_CHG,12.343873517786541
2011-04-30,Y10_3M_CHG,6.099999999999994
2011-05-31,Y10_3M_CHG,-40.77443609022553
2011-06-30,Y10_3M_CHG,-41.20750988142294
2011-07-31,Y10_3M_CHG,-45.19999999999995
2011-08-31,Y10_3M_CHG,-86.55279503105598
2011-09-30,Y10_3M_CHG,-102.7034632034632
2011-10-31,Y10_3M_CHG,-85.1
2011-11-30,Y10_3M_CHG,-28.954347826086966
2011-12-31,Y10_3M_CHG,0.28571428571431134
2012-01-31,Y10_3M_CHG,-18.550000000000022
2012-02-29,Y10_3M_CHG,-4.59999999999996
2012-03-31,Y10_3M_CHG,19.463203463203428
2012-04-30,Y10_3M_CHG,8.635714285714302
2012-05-31,Y10_3M_CHG,-16.43181818181818
2012-06-30,Y10_3M_CHG,-55.03463203463199
2012-07-31,Y10_3M_CHG,-52.619047619047606
2012-08-31,Y10_3M_CHG,-12.492094861660075
2012-09-30,Y10_3M_CHG,10.077694235588975
2012-10-31,Y10_3M_CHG,21.952380952380945
2012-11-30,Y10_3M_CHG,-2.4260869565217558
2012-12-31,Y10_3M_CHG,-0.4157894736842138
2013-01-31,Y10_3M_CHG,16.85714285714286
2013-02-28,Y10_3M_CHG,33.021052631578975
2013-03-31,Y10_3M_CHG,23.849999999999994
2013-04-30,Y10_3M_CHG,-15.567099567099563
2013-05-31,Y10_3M_CHG,-5.602870813397143
2013-06-30,Y10_3M_CHG,34.24999999999998
2013-07-31,Y10_3M_CHG,82.31818181818183
2013-08-31,Y10_3M_CHG,80.9090909090909
2013-09-30,Y10_3M_CHG,50.95
2013-10-31,Y10_3M_CHG,3.3636363636363242
2013-11-30,Y10_3M_CHG,-1.8851674641148453
2013-12-31,Y10_3M_CHG,9.24047619047621
2014-01-31,Y10_3M_CHG,24.218614718614706
2014-02-28,Y10_3M_CHG,-0.8947368421052815
2014-03-31,Y10_3M_CHG,-17.857142857142883
2014-04-30,Y10_3M_CHG,-15.285714285714258
2014-05-31,Y10_3M_CHG,-15.042606516290702
2014-06-30,Y10_3M_CHG,-12.47619047619044
2014-07-31,Y10_3M_CHG,-16.296536796536778
2014-08-31,Y10_3M_CHG,-13.904761904761909
2014-09-30,Y10_3M_CHG,-6.42857142857145
2014-10-31,Y10_3M_CHG,-23.818181818181827
2014-11-30,Y10_3M_CHG,-9.444444444444455
2014-12-31,Y10_3M_CHG,-32.701298701298676
2015-01-31,Y10_3M_CHG,-42.2590909090909
2015-02-28,Y10_3M_CHG,-35.02923976608186
2015-03-31,Y10_3M_CHG,-16.4545454545455
2015-04-30,Y10_3M_CHG,5.349999999999988
2015-05-31,Y10_3M_CHG,22.22368421052634
2015-06-30,Y10_3M_CHG,32.09090909090912
2015-07-31,Y10_3M_CHG,38.95454545454547
2015-08-31,Y10_3M_CHG,-3.035714285714297
2015-09-30,Y10_3M_CHG,-19.07792207792207
2015-10-31,Y10_3M_CHG,-25.454545454545485
2015-11-30,Y10_3M_CHG,9.601503759398478
2015-12-31,Y10_3M_CHG,6.987012987012964
2016-01-31,Y10_3M_CHG,1.5263157894736867
2016-02-29,Y10_3M_CHG,-48.365789473684195
2016-03-31,Y10_3M_CHG,-35.36363636363635
2016-04-30,Y10_3M_CHG,-28.002506265664163
2016-05-31,Y10_3M_CHG,2.6690476190476042
2016-06-30,Y10_3M_CHG,-24.49999999999999
2016-07-31,Y10_3M_CHG,-30.12380952380951
2016-08-31,Y10_3M_CHG,-24.966873706004122
2016-09-30,Y10_3M_CHG,-1.3614718614718635
2016-10-31,Y10_3M_CHG,26.049999999999997
2016-11-30,Y10_3M_CHG,58.54782608695655
2016-12-31,Y10_3M_CHG,86.14285714285712
2017-01-31,Y10_3M_CHG,66.80000000000001
2017-02-28,Y10_3M_CHG,27.694736842105215
2017-03-31,Y10_3M_CHG,-1.0165631469979175
2017-04-30,Y10_3M_CHG,-13.51315789473686
2017-05-31,Y10_3M_CHG,-11.53110047846888
2017-06-30,Y10_3M_CHG,-29.492094861660068
2017-07-31,Y10_3M_CHG,2.0631578947368556
2017-08-31,Y10_3M_CHG,-9.450592885375508
2017-09-30,Y10_3M_CHG,1.5181818181817963
2017-10-31,Y10_3M_CHG,4.200000000000026
2017-11-30,Y10_3M_CHG,14.420289855072488
2017-12-31,Y10_3M_CHG,20.04999999999999
2018-01-31,Y10_3M_CHG,22.380952380952344
2018-02-28,Y10_3M_CHG,50.561403508771896
2018-03-31,Y10_3M_CHG,43.98809523809524
2018-04-30,Y10_3M_CHG,28.52380952380953
2018-05-31,Y10_3M_CHG,11.877990430622054
2018-06-30,Y10_3M_CHG,7.000000000000028
2018-07-31,Y10_3M_CHG,2.0000000000000018
2018-08-31,Y10_3M_CHG,-8.859683794466422
2018-09-30,Y10_3M_CHG,9.18295739348367
2018-10-31,Y10_3M_CHG,26.32251082251078
2018-11-30,Y10_3M_CHG,22.78695652173912
2018-12-31,Y10_3M_CHG,-17.15789473684208
2019-01-31,Y10_3M_CHG,-43.846320346320276
2019-02-28,Y10_3M_CHG,-44.06842105263156
2019-03-31,Y10_3M_CHG,-26.16791979949875
2019-04-30,Y10_3M_CHG,-18.142857142857196
2019-05-31,Y10_3M_CHG,-28.13157894736844
2019-06-30,Y10_3M_CHG,-49.6952380952381
2019-07-31,Y10_3M_CHG,-47.329004329004306
2019-08-31,Y10_3M_CHG,-76.86363636363636
2019-09-30,Y10_3M_CHG,-37.44999999999998
2019-10-31,Y10_3M_CHG,-35.22727272727273
2019-11-30,Y10_3M_CHG,18.57416267942582
2019-12-31,Y10_3M_CHG,16.335714285714275
2020-01-31,Y10_3M_CHG,5.080086580086607
2020-02-29,Y10_3M_CHG,-30.7894736842105
2020-03-31,Y10_3M_CHG,-99.28571428571428
2020-04-30,Y10_3M_CHG,-110.00000000000001
2020-05-31,Y10_3M_CHG,-83.02105263157897
2020-06-30,Y10_3M_CHG,-14.136363636363637
2020-07-31,Y10_3M_CHG,-3.3982683982684003
2020-08-31,Y10_3M_CHG,-2.400000000000002
2020-09-30,Y10_3M_CHG,-4.911255411255411
2020-10-31,Y10_3M_CHG,16.35064935064935
2020-11-30,Y10_3M_CHG,22.000000000000007
2020-12-31,Y10_3M_CHG,25.411255411255407
2021-01-31,Y10_3M_CHG,29.39097744360901
2021-02-28,Y10_3M_CHG,38.789473684210506
2021-03-31,Y10_3M_CHG,67.72332015810277
2021-04-30,Y10_3M_CHG,55.394736842105274
2021-05-31,Y10_3M_CHG,36.31052631578948
2021-06-30,Y10_3M_CHG,-9.177865612648194
2021-07-31,Y10_3M_CHG,-31.642857142857128
2021-08-31,Y10_3M_CHG,-33.78181818181818
2021-09-30,Y10_3M_CHG,-14.432900432900443
2021-10-31,Y10_3M_CHG,26.392857142857128
2021-11-30,Y10_3M_CHG,27.63181818181819
2021-12-31,Y10_3M_CHG,9.0238095238095
2022-01-31,Y10_3M_CHG,18.15
2022-02-28,Y10_3M_CHG,37.47105263157893
2022-03-31,Y10_3M_CHG,66.28260869565219
2022-04-30,Y10_3M_CHG,98.35000000000001
2022-05-31,Y10_3M_CHG,96.3884711779449
2022-06-30,Y10_3M_CHG,101.55072463768118
2022-07-31,Y10_3M_CHG,14.849999999999985
2022-08-31,Y10_3M_CHG,-0.026915113871650576
2022-09-30,Y10_3M_CHG,37.57142857142859
2022-10-31,Y10_3M_CHG,108.75000000000003
2022-11-30,Y10_3M_CHG,99.31739130434778
2022-12-31,Y10_3M_CHG,9.714285714285653
2023-01-31,Y10_3M_CHG,-45.20000000000004
2023-02-28,Y10_3M_CHG,-14.415789473684182
2023-03-31,Y10_3M_CHG,4.685300207039367
2023-04-30,Y10_3M_CHG,-7.14999999999999
2023-05-31,Y10_3M_CHG,-17.320574162679403
2023-06-30,Y10_3M_CHG,8.505175983436875
2023-07-31,Y10_3M_CHG,43.949999999999974
2023-08-31,Y10_3M_CHG,59.418972332015805
2023-09-30,Y10_3M_CHG,63.09047619047612
2023-10-31,Y10_3M_CHG,89.85952380952389
2023-11-30,Y10_3M_CHG,33.50310559006209
2023-12-31,Y10_3M_CHG,-35.899999999999906
2024-01-31,Y10_3M_CHG,-74.00000000000003
2024-02-29,Y10_3M_CHG,-29.53571428571422
2024-03-31,Y10_3M_CHG,18.849999999999945
2024-04-30,Y10_3M_CHG,48.09956709956707
2024-05-31,Y10_3M_CHG,27.477272727272695
2024-06-30,Y10_3M_CHG,9.676315789473655
2024-07-31,Y10_3M_CHG,-29.045454545454508
2024-08-31,Y10_3M_CHG,-61.136363636363676
2024-09-30,Y10_3M_CHG,-58.17631578947364
2024-10-31,Y10_3M_CHG,-15.31818181818192
2024-11-30,Y10_3M_CHG,48.48803827751191
2024-12-31,Y10_3M_CHG,66.79285714285714
2025-01-31,Y10_3M_CHG,53.359307359307365
2025-02-28,Y10_3M_CHG,9.526315789473738
2025-03-31,Y10_3M_CHG,-11.095238095238091
2025-04-30,Y10_3M_CHG,-34.999999999999964
2025-05-31,Y10_3M_CHG,-2.724310776942307
2025-06-30,Y10_3M_CHG,10.302380952380918
2025-07-31,Y10_3M_CHG,11.277056277056285
2025-08-31,Y10_3M_CHG,-15.904761904761955
2025-09-30,Y10_3M_CHG,-26.302380952380933
2025-10-31,Y10_3M_CHG,-33.00000000000001
2025-11-30,Y10_3M_CHG,-17.087301587301607
2025-12-31,Y10_3M_CHG,2.2705627705628117
2026-01-31,Y10_3M_CHG,15.168181818181825
2026-02-28,Y10_3M_CHG,3.1900584795321762
2026-03-31,Y10_3M_CHG,10.272727272727256
2026-04-30,Y10_3M_CHG,10.559090909090951
2026-05-31,Y10_3M_CHG,36.244582043343684
1981-09-30,YIELD_CURVE,-28.33333333333332
1981-10-31,YIELD_CURVE,91.71428571428564
1981-11-30,YIELD_CURVE,204.72222222222206
1981-12-31,YIELD_CURVE,240.54978354978368
1982-01-31,YIELD_CURVE,167.59999999999985
1982-02-28,YIELD_CURVE,14.611111111111086
1982-03-31,YIELD_CURVE,54.652173913043356
1982-04-30,YIELD_CURVE,52.71428571428576
1982-05-31,YIELD_CURVE,90.84999999999982
1982-06-30,YIELD_CURVE,122.0909090909089
1982-07-31,YIELD_CURVE,208.28571428571436
1982-08-31,YIELD_CURVE,405.7727272727272
1982-09-30,YIELD_CURVE,414.6190476190476
1982-10-31,YIELD_CURVE,293.9
1982-11-30,YIELD_CURVE,220.4210526315789
1982-12-31,YIELD_CURVE,233.7272727272726
1983-01-31,YIELD_CURVE,234.0
1983-02-28,YIELD_CURVE,233.05263157894734
1983-03-31,YIELD_CURVE,184.6956521739129
1983-04-30,YIELD_CURVE,188.64999999999998
1983-05-31,YIELD_CURVE,188.42857142857133
1983-06-30,YIELD_CURVE,170.9090909090909
1983-07-31,YIELD_CURVE,192.74999999999983
1983-08-31,YIELD_CURVE,210.69565217391286
1983-09-30,YIELD_CURVE,229.23809523809507
1983-10-31,YIELD_CURVE,255.30000000000007
1983-11-30,YIELD_CURVE,257.8947368421053
1983-12-31,YIELD_CURVE,247.19047619047618
1984-01-31,YIELD_CURVE,241.04761904761904
1984-02-29,YIELD_CURVE,238.263157894737
1984-03-31,YIELD_CURVE,242.95454545454547
1984-04-30,YIELD_CURVE,256.04999999999995
1984-05-31,YIELD_CURVE,318.54545454545456
1984-06-30,YIELD_CURVE,330.23809523809524
1984-07-31,YIELD_CURVE,283.1428571428571
1984-08-31,YIELD_CURVE,181.56521739130403
1984-09-30,YIELD_CURVE,172.68421052631578
1984-10-31,YIELD_CURVE,203.59090909090884
1984-11-30,YIELD_CURVE,264.78947368421046
1984-12-31,YIELD_CURVE,316.2000000000001
1985-01-31,YIELD_CURVE,336.4285714285714
1985-02-28,YIELD_CURVE,295.16666666666663
1985-03-31,YIELD_CURVE,302.52380952380963
1985-04-30,YIELD_CURVE,321.2857142857143
1985-05-31,YIELD_CURVE,311.36363636363626
1985-06-30,YIELD_CURVE,297.6000000000001
1985-07-31,YIELD_CURVE,299.0454545454545
1985-08-31,YIELD_CURVE,296.1363636363636
1985-09-30,YIELD_CURVE,303.9999999999999
1985-10-31,YIELD_CURVE,283.5909090909091
1985-11-30,YIELD_CURVE,230.52631578947364
1985-12-31,YIELD_CURVE,192.90476190476193
1986-01-31,YIELD_CURVE,189.19047619047618
1986-02-28,YIELD_CURVE,141.36842105263145
1986-03-31,YIELD_CURVE,101.4499999999999
1986-04-30,YIELD_CURVE,106.36363636363643
1986-05-31,YIELD_CURVE,137.47619047619048
1986-06-30,YIELD_CURVE,140.2857142857144
1986-07-31,YIELD_CURVE,130.3636363636363
1986-08-31,YIELD_CURVE,148.04761904761898
1986-09-30,YIELD_CURVE,209.5238095238095
1986-10-31,YIELD_CURVE,210.31818181818176
1986-11-30,YIELD_CURVE,175.0555555555555
1986-12-31,YIELD_CURVE,142.99999999999997
1987-01-31,YIELD_CURVE,150.65
1987-02-28,YIELD_CURVE,149.94736842105266
1987-03-31,YIELD_CURVE,148.27272727272734
1987-04-30,YIELD_CURVE,220.71428571428572
1987-05-31,YIELD_CURVE,276.64999999999986
1987-06-30,YIELD_CURVE,254.7727272727272
1987-07-31,YIELD_CURVE,256.77272727272714
1987-08-31,YIELD_CURVE,252.71428571428567
1987-09-30,YIELD_CURVE,280.0476190476191
1987-10-31,YIELD_CURVE,316.90476190476204
1987-11-30,YIELD_CURVE,297.05263157894734
1987-12-31,YIELD_CURVE,302.81818181818176
1988-01-31,YIELD_CURVE,266.1052631578947
1988-02-29,YIELD_CURVE,236.95000000000005
1988-03-31,YIELD_CURVE,250.34782608695653
1988-04-30,YIELD_CURVE,263.55000000000007
1988-05-31,YIELD_CURVE,263.47619047619054
1988-06-30,YIELD_CURVE,225.7272727272727
1988-07-31,YIELD_CURVE,210.80000000000007
1988-08-31,YIELD_CURVE,196.08695652173927
1988-09-30,YIELD_CURVE,149.90476190476193
1988-10-31,YIELD_CURVE,119.85000000000011
1988-11-30,YIELD_CURVE,93.4000000000001
1988-12-31,YIELD_CURVE,75.71428571428562
1989-01-31,YIELD_CURVE,53.300000000000125
1989-02-28,YIELD_CURVE,33.2105263157894
1989-03-31,YIELD_CURVE,21.54545454545449
1989-04-30,YIELD_CURVE,21.29999999999992
1989-05-31,YIELD_CURVE,12.318181818181806
1989-06-30,YIELD_CURVE,-15.727272727272812
1989-07-31,YIELD_CURVE,-12.850000000000072
1989-08-31,YIELD_CURVE,-5.739130434782602
1989-09-30,YIELD_CURVE,17.600000000000016
1989-10-31,YIELD_CURVE,10.809523809523913
1989-11-30,YIELD_CURVE,-6.95238095238091
1989-12-31,YIELD_CURVE,-4.349999999999987
1990-01-31,YIELD_CURVE,30.857142857142783
1990-02-28,YIELD_CURVE,47.10526315789494
1990-03-31,YIELD_CURVE,41.8636363636363
1990-04-30,YIELD_CURVE,74.5000000000001
1990-05-31,YIELD_CURVE,75.13636363636351
1990-06-30,YIELD_CURVE,49.33333333333341
1990-07-31,YIELD_CURVE,59.66666666666667
1990-08-31,YIELD_CURVE,105.82608695652178
1990-09-30,YIELD_CURVE,129.52631578947359
1990-10-31,YIELD_CURVE,131.95454545454552
1990-11-30,YIELD_CURVE,110.14999999999998
1990-12-31,YIELD_CURVE,112.54999999999988
1991-01-31,YIELD_CURVE,168.14285714285722
1991-02-28,YIELD_CURVE,173.84210526315798
1991-03-31,YIELD_CURVE,201.6499999999999
1991-04-30,YIELD_CURVE,221.36363636363637
1991-05-31,YIELD_CURVE,243.40909090909096
1991-06-30,YIELD_CURVE,253.30000000000013
1991-07-31,YIELD_CURVE,252.18181818181824
1991-08-31,YIELD_CURVE,240.22727272727275
1991-09-30,YIELD_CURVE,227.65000000000003
1991-10-31,YIELD_CURVE,238.31818181818178
1991-11-30,YIELD_CURVE,272.7894736842106
1991-12-31,YIELD_CURVE,290.4285714285715
1992-01-31,YIELD_CURVE,312.6190476190476
1992-02-29,YIELD_CURVE,338.7894736842105
1992-03-31,YIELD_CURVE,340.36363636363643
1992-04-30,YIELD_CURVE,364.14285714285717
1992-05-31,YIELD_CURVE,367.30000000000007
1992-06-30,YIELD_CURVE,351.6818181818182
1992-07-31,YIELD_CURVE,356.5
1992-08-31,YIELD_CURVE,338.6666666666667
1992-09-30,YIELD_CURVE,344.66666666666663
1992-10-31,YIELD_CURVE,365.61904761904765
1992-11-30,YIELD_CURVE,366.7368421052632
1992-12-31,YIELD_CURVE,347.8636363636364
1993-01-31,YIELD_CURVE,352.8947368421053
1993-02-28,YIELD_CURVE,326.63157894736844
1993-03-31,YIELD_CURVE,296.0869565217391
1993-04-30,YIELD_CURVE,303.9047619047619
1993-05-31,YIELD_CURVE,301.05
1993-06-30,YIELD_CURVE,281.8181818181818
1993-07-31,YIELD_CURVE,269.4285714285714
1993-08-31,YIELD_CURVE,258.72727272727275
1993-09-30,YIELD_CURVE,235.1428571428572
1993-10-31,YIELD_CURVE,224.19999999999996
1993-11-30,YIELD_CURVE,254.45000000000002
1993-12-31,YIELD_CURVE,264.6363636363636
1994-01-31,YIELD_CURVE,270.6
1994-02-28,YIELD_CURVE,264.2631578947368
1994-03-31,YIELD_CURVE,289.17391304347825
1994-04-30,YIELD_CURVE,319.1578947368421
1994-05-31,YIELD_CURVE,291.57142857142844
1994-06-30,YIELD_CURVE,285.22727272727263
1994-07-31,YIELD_CURVE,284.15
1994-08-31,YIELD_CURVE,262.4347826086956
1994-09-30,YIELD_CURVE,270.57142857142856
1994-10-31,YIELD_CURVE,264.20000000000005
1994-11-30,YIELD_CURVE,250.60000000000002
1994-12-31,YIELD_CURVE,204.90476190476193
1995-01-31,YIELD_CURVE,187.8
1995-02-28,YIELD_CURVE,152.99999999999994
1995-03-31,YIELD_CURVE,129.4347826086957
1995-04-30,YIELD_CURVE,122.47368421052629
1995-05-31,YIELD_CURVE,78.5000000000001
1995-06-30,YIELD_CURVE,52.909090909090835
1995-07-31,YIELD_CURVE,68.50000000000006
1995-08-31,YIELD_CURVE,92.26086956521735
1995-09-30,YIELD_CURVE,76.34999999999997
1995-10-31,YIELD_CURVE,60.04761904761908
1995-11-30,YIELD_CURVE,41.238095238095255
1995-12-31,YIELD_CURVE,41.75000000000004
1996-01-31,YIELD_CURVE,50.190476190476204
1996-02-29,YIELD_CURVE,84.10000000000002
1996-03-31,YIELD_CURVE,117.09523809523805
1996-04-30,YIELD_CURVE,142.36363636363637
1996-05-31,YIELD_CURVE,158.3181818181819
1996-06-30,YIELD_CURVE,168.05000000000013
1996-07-31,YIELD_CURVE,156.72727272727275
1996-08-31,YIELD_CURVE,144.63636363636363
1996-09-30,YIELD_CURVE,159.4500000000001
1996-10-31,YIELD_CURVE,141.04545454545462
1996-11-30,YIELD_CURVE,103.42105263157899
1996-12-31,YIELD_CURVE,126.19047619047619
1997-01-31,YIELD_CURVE,141.33333333333331
1997-02-28,YIELD_CURVE,127.7368421052632
1997-03-31,YIELD_CURVE,141.0
1997-04-30,YIELD_CURVE,158.090909090909
1997-05-31,YIELD_CURVE,151.4285714285715
1997-06-30,YIELD_CURVE,142.28571428571433
1997-07-31,YIELD_CURVE,102.59090909090904
1997-08-31,YIELD_CURVE,101.9047619047619
1997-09-30,YIELD_CURVE,112.38095238095234
1997-10-31,YIELD_CURVE,91.6818181818182
1997-11-30,YIELD_CURVE,59.38888888888884
1997-12-31,YIELD_CURVE,50.40909090909089
1998-01-31,YIELD_CURVE,36.55
1998-02-28,YIELD_CURVE,34.4736842105263
1998-03-31,YIELD_CURVE,48.54545454545453
1998-04-30,YIELD_CURVE,55.47619047619045
1998-05-31,YIELD_CURVE,51.250000000000014
1998-06-30,YIELD_CURVE,37.227272727272705
1998-07-31,YIELD_CURVE,36.681818181818215
1998-08-31,YIELD_CURVE,30.09523809523813
1998-09-30,YIELD_CURVE,6.761904761904791
1998-10-31,YIELD_CURVE,45.95238095238088
1998-11-30,YIELD_CURVE,29.631578947368453
1998-12-31,YIELD_CURVE,14.818181818181753
1999-01-31,YIELD_CURVE,27.57894736842106
1999-02-28,YIELD_CURVE,44.36842105263166
1999-03-31,YIELD_CURVE,66.6086956521739
1999-04-30,YIELD_CURVE,77.54545454545453
1999-05-31,YIELD_CURVE,90.84999999999992
1999-06-30,YIELD_CURVE,118.40909090909095
1999-07-31,YIELD_CURVE,110.61904761904762
1999-08-31,YIELD_CURVE,106.54545454545445
1999-09-30,YIELD_CURVE,109.28571428571433
1999-10-31,YIELD_CURVE,109.34999999999997
1999-11-30,YIELD_CURVE,80.64999999999998
1999-12-31,YIELD_CURVE,91.86363636363639
2000-01-31,YIELD_CURVE,116.1999999999999
2000-02-29,YIELD_CURVE,79.24999999999986
2000-03-31,YIELD_CURVE,39.26086956521742
2000-04-30,YIELD_CURVE,16.894736842105296
2000-05-31,YIELD_CURVE,44.59090909090912
2000-06-30,YIELD_CURVE,23.545454545454536
2000-07-31,YIELD_CURVE,-8.84999999999998
2000-08-31,YIELD_CURVE,-45.13043478260865
2000-09-30,YIELD_CURVE,-37.599999999999945
2000-10-31,YIELD_CURVE,-55.619047619047635
2000-11-30,YIELD_CURVE,-63.90476190476182
2000-12-31,YIELD_CURVE,-69.64999999999995
2001-01-31,YIELD_CURVE,-12.428571428571455
2001-02-28,YIELD_CURVE,9.368421052631604
2001-03-31,YIELD_CURVE,35.00000000000006
2001-04-30,YIELD_CURVE,117.49999999999999
2001-05-31,YIELD_CURVE,168.81818181818184
2001-06-30,YIELD_CURVE,171.9047619047618
2001-07-31,YIELD_CURVE,164.28571428571442
2001-08-31,YIELD_CURVE,153.34782608695647
2001-09-30,YIELD_CURVE,203.94117647058826
2001-10-31,YIELD_CURVE,236.90909090909088
2001-11-30,YIELD_CURVE,274.5
2001-12-31,YIELD_CURVE,336.75000000000006
2002-01-31,YIELD_CURVE,335.0952380952381
2002-02-28,YIELD_CURVE,315.47368421052624
2002-03-31,YIELD_CURVE,345.90000000000003
2002-04-30,YIELD_CURVE,346.59090909090907
2002-05-31,YIELD_CURVE,340.409090909091
2002-06-30,YIELD_CURVE,319.45
2002-07-31,YIELD_CURVE,293.95454545454544
2002-08-31,YIELD_CURVE,260.99999999999994
2002-09-30,YIELD_CURVE,221.10000000000002
2002-10-31,YIELD_CURVE,233.0909090909091
2002-11-30,YIELD_CURVE,279.3684210526316
2002-12-31,YIELD_CURVE,282.14285714285705
2003-01-31,YIELD_CURVE,285.9523809523809
2003-02-28,YIELD_CURVE,271.7368421052632
2003-03-31,YIELD_CURVE,265.61904761904765
2003-04-30,YIELD_CURVE,280.6190476190476
2003-05-31,YIELD_CURVE,248.0952380952381
2003-06-30,YIELD_CURVE,239.8095238095238
2003-07-31,YIELD_CURVE,305.50000000000006
2003-08-31,YIELD_CURVE,347.61904761904754
2003-09-30,YIELD_CURVE,331.904761904762
2003-10-31,YIELD_CURVE,334.8636363636363
2003-11-30,YIELD_CURVE,334.7777777777778
2003-12-31,YIELD_CURVE,335.3181818181818
2004-01-31,YIELD_CURVE,325.0
2004-02-29,YIELD_CURVE,313.9473684210526
2004-03-31,YIELD_CURVE,287.304347826087
2004-04-30,YIELD_CURVE,338.95238095238096
2004-05-31,YIELD_CURVE,367.6000000000001
2004-06-30,YIELD_CURVE,344.57142857142856
2004-07-31,YIELD_CURVE,314.0476190476191
2004-08-31,YIELD_CURVE,277.8181818181818
2004-09-30,YIELD_CURVE,244.4285714285714
2004-10-31,YIELD_CURVE,230.24999999999994
2004-11-30,YIELD_CURVE,208.65
2004-12-31,YIELD_CURVE,200.81818181818173
2005-01-31,YIELD_CURVE,185.05000000000007
2005-02-28,YIELD_CURVE,158.57894736842107
2005-03-31,YIELD_CURVE,170.18181818181822
2005-04-30,YIELD_CURVE,150.42857142857136
2005-05-31,YIELD_CURVE,124.23809523809521
2005-06-30,YIELD_CURVE,96.18181818181819
2005-07-31,YIELD_CURVE,89.00000000000001
2005-08-31,YIELD_CURVE,74.4347826086957
2005-09-30,YIELD_CURVE,70.47619047619045
2005-10-31,YIELD_CURVE,67.10000000000002
2005-11-30,YIELD_CURVE,56.050000000000026
2005-12-31,YIELD_CURVE,49.61904761904763
2006-01-31,YIELD_CURVE,8.000000000000007
2006-02-28,YIELD_CURVE,2.9473684210525875
2006-03-31,YIELD_CURVE,9.60869565217397
2006-04-30,YIELD_CURVE,26.89473684210526
2006-05-31,YIELD_CURVE,27.363636363636346
2006-06-30,YIELD_CURVE,18.86363636363635
2006-07-31,YIELD_CURVE,1.100000000000012
2006-08-31,YIELD_CURVE,-21.39130434782608
2006-09-30,YIELD_CURVE,-21.10000000000003
2006-10-31,YIELD_CURVE,-31.71428571428576
2006-11-30,YIELD_CURVE,-47.80952380952384
2006-12-31,YIELD_CURVE,-40.85000000000001
2007-01-31,YIELD_CURVE,-34.57142857142852
2007-02-28,YIELD_CURVE,-44.0526315789473
2007-03-31,YIELD_CURVE,-51.545454545454476
2007-04-30,YIELD_CURVE,-31.285714285714228
2007-05-31,YIELD_CURVE,-12.1363636363637
2007-06-30,YIELD_CURVE,36.09523809523809
2007-07-31,YIELD_CURVE,4.3333333333333
2007-08-31,YIELD_CURVE,35.78260869565213
2007-09-30,YIELD_CURVE,52.73684210526315
2007-10-31,YIELD_CURVE,52.49999999999994
2007-11-30,YIELD_CURVE,79.4
2007-12-31,YIELD_CURVE,103.10000000000001
2008-01-31,YIELD_CURVE,92.42857142857144
2008-02-29,YIELD_CURVE,156.34999999999994
2008-03-31,YIELD_CURVE,222.65
2008-04-30,YIELD_CURVE,236.3181818181818
2008-05-31,YIELD_CURVE,211.5714285714286
2008-06-30,YIELD_CURVE,220.90476190476184
2008-07-31,YIELD_CURVE,235.27272727272725
2008-08-31,YIELD_CURVE,213.28571428571425
2008-09-30,YIELD_CURVE,253.95238095238096
2008-10-31,YIELD_CURVE,312.8181818181818
2008-11-30,YIELD_CURVE,333.27777777777777
2008-12-31,YIELD_CURVE,238.22727272727272
2009-01-31,YIELD_CURVE,238.79999999999998
2009-02-28,YIELD_CURVE,257.47368421052636
2009-03-31,YIELD_CURVE,260.3636363636364
2009-04-30,YIELD_CURVE,276.9047619047619
2009-05-31,YIELD_CURVE,311.6
2009-06-30,YIELD_CURVE,354.3181818181818
2009-07-31,YIELD_CURVE,337.8636363636364
2009-08-31,YIELD_CURVE,341.5238095238095
2009-09-30,YIELD_CURVE,327.85714285714283
2009-10-31,YIELD_CURVE,331.33333333333337
2009-11-30,YIELD_CURVE,335.0526315789474
2009-12-31,YIELD_CURVE,353.54545454545456
2010-01-31,YIELD_CURVE,367.1578947368422
2010-02-28,YIELD_CURVE,358.2105263157894
2010-03-31,YIELD_CURVE,357.69565217391306
2010-04-30,YIELD_CURVE,368.45454545454544
2010-05-31,YIELD_CURVE,326.0
2010-06-30,YIELD_CURVE,308.0454545454545
2010-07-31,YIELD_CURVE,285.3809523809524
2010-08-31,YIELD_CURVE,254.3636363636364
2010-09-30,YIELD_CURVE,249.57142857142856
2010-10-31,YIELD_CURVE,240.55
2010-11-30,YIELD_CURVE,262.0
2010-12-31,YIELD_CURVE,315.0
2011-01-31,YIELD_CURVE,324.19999999999993
2011-02-28,YIELD_CURVE,344.42105263157896
2011-03-31,YIELD_CURVE,331.39130434782606
2011-04-30,YIELD_CURVE,339.65
2011-05-31,YIELD_CURVE,312.7619047619048
2011-06-30,YIELD_CURVE,296.5
2011-07-31,YIELD_CURVE,296.55
2011-08-31,YIELD_CURVE,227.86956521739125
2011-09-30,YIELD_CURVE,196.14285714285714
2011-10-31,YIELD_CURVE,213.3
2011-11-30,YIELD_CURVE,199.94999999999996
2011-12-31,YIELD_CURVE,196.66666666666669
2012-01-31,YIELD_CURVE,193.2
2012-02-29,YIELD_CURVE,187.54999999999998
2012-03-31,YIELD_CURVE,208.86363636363635
2012-04-30,YIELD_CURVE,196.90476190476193
2012-05-31,YIELD_CURVE,171.36363636363637
2012-06-30,YIELD_CURVE,153.0952380952381
2012-07-31,YIELD_CURVE,142.95238095238096
2012-08-31,YIELD_CURVE,157.56521739130434
2012-09-30,YIELD_CURVE,161.78947368421052
2012-10-31,YIELD_CURVE,164.14285714285714
2012-11-30,YIELD_CURVE,156.05
2012-12-31,YIELD_CURVE,164.9
2013-01-31,YIELD_CURVE,184.04761904761907
2013-02-28,YIELD_CURVE,188.5263157894737
2013-03-31,YIELD_CURVE,187.05
2013-04-30,YIELD_CURVE,169.90909090909093
2013-05-31,YIELD_CURVE,188.4090909090909
2013-06-30,YIELD_CURVE,224.95
2013-07-31,YIELD_CURVE,254.6818181818182
2013-08-31,YIELD_CURVE,269.3636363636364
2013-09-30,YIELD_CURVE,279.34999999999997
2013-10-31,YIELD_CURVE,256.8636363636363
2013-11-30,YIELD_CURVE,265.05263157894734
2013-12-31,YIELD_CURVE,283.5238095238095
2014-01-31,YIELD_CURVE,281.4761904761904
2014-02-28,YIELD_CURVE,265.6842105263157
2014-03-31,YIELD_CURVE,267.0952380952381
2014-04-30,YIELD_CURVE,267.42857142857144
2014-05-31,YIELD_CURVE,252.66666666666669
2014-06-30,YIELD_CURVE,256.28571428571433
2014-07-31,YIELD_CURVE,251.59090909090912
2014-08-31,YIELD_CURVE,238.7142857142857
2014-09-30,YIELD_CURVE,251.42857142857142
2014-10-31,YIELD_CURVE,228.72727272727275
2014-11-30,YIELD_CURVE,230.38888888888889
2014-12-31,YIELD_CURVE,217.8181818181818
2015-01-31,YIELD_CURVE,185.4
2015-02-28,YIELD_CURVE,195.73684210526318
2015-03-31,YIELD_CURVE,201.49999999999997
2015-04-30,YIELD_CURVE,191.1818181818182
2015-05-31,YIELD_CURVE,218.1
2015-06-30,YIELD_CURVE,234.86363636363637
2015-07-31,YIELD_CURVE,229.22727272727275
2015-08-31,YIELD_CURVE,209.52380952380955
2015-09-30,YIELD_CURVE,214.85714285714286
2015-10-31,YIELD_CURVE,205.33333333333331
2015-11-30,YIELD_CURVE,213.68421052631578
2015-12-31,YIELD_CURVE,201.4090909090909
2016-01-31,YIELD_CURVE,182.78947368421052
2016-02-29,YIELD_CURVE,146.5
2016-03-31,YIELD_CURVE,159.1818181818182
2016-04-30,YIELD_CURVE,157.7142857142857
2016-05-31,YIELD_CURVE,152.95238095238096
2016-06-30,YIELD_CURVE,137.13636363636365
2016-07-31,YIELD_CURVE,120.29999999999998
2016-08-31,YIELD_CURVE,125.69565217391305
2016-09-30,YIELD_CURVE,133.61904761904765
2016-10-31,YIELD_CURVE,143.29999999999998
2016-11-30,YIELD_CURVE,168.95000000000002
2016-12-31,YIELD_CURVE,198.0
2017-01-31,YIELD_CURVE,191.35
2017-02-28,YIELD_CURVE,189.26315789473685
2017-03-31,YIELD_CURVE,173.3913043478261
2017-04-30,YIELD_CURVE,148.89473684210526
2017-05-31,YIELD_CURVE,140.04545454545453
2017-06-30,YIELD_CURVE,118.7727272727273
2017-07-31,YIELD_CURVE,123.15
2017-08-31,YIELD_CURVE,117.69565217391302
2017-09-30,YIELD_CURVE,115.55
2017-10-31,YIELD_CURVE,126.6666666666667
2017-11-30,YIELD_CURVE,110.28571428571429
2017-12-31,YIELD_CURVE,106.09999999999997
2018-01-31,YIELD_CURVE,115.14285714285715
2018-02-28,YIELD_CURVE,127.10526315789473
2018-03-31,YIELD_CURVE,111.57142857142857
2018-04-30,YIELD_CURVE,108.09523809523812
2018-05-31,YIELD_CURVE,107.81818181818186
2018-06-30,YIELD_CURVE,97.71428571428574
2018-07-31,YIELD_CURVE,89.42857142857143
2018-08-31,YIELD_CURVE,81.6521739130435
2018-09-30,YIELD_CURVE,83.89473684210525
2018-10-31,YIELD_CURVE,85.90909090909085
2018-11-30,YIELD_CURVE,74.29999999999998
2018-12-31,YIELD_CURVE,42.052631578947384
2019-01-31,YIELD_CURVE,29.00000000000005
2019-02-28,YIELD_CURVE,23.842105263157933
2019-03-31,YIELD_CURVE,11.7142857142857
2019-04-30,YIELD_CURVE,9.952380952380935
2019-05-31,YIELD_CURVE,-0.818181818181829
2019-06-30,YIELD_CURVE,-14.550000000000018
2019-07-31,YIELD_CURVE,-8.590909090909093
2019-08-31,YIELD_CURVE,-36.4090909090909
2019-09-30,YIELD_CURVE,-23.499999999999986
2019-10-31,YIELD_CURVE,2.8181818181818086
2019-11-30,YIELD_CURVE,23.99999999999998
2019-12-31,YIELD_CURVE,29.761904761904724
2020-01-31,YIELD_CURVE,20.523809523809543
2020-02-29,YIELD_CURVE,-4.052631578947352
2020-03-31,YIELD_CURVE,57.454545454545446
2020-04-30,YIELD_CURVE,51.95238095238095
2020-05-31,YIELD_CURVE,54.65
2020-06-30,YIELD_CURVE,56.90909090909091
2020-07-31,YIELD_CURVE,49.68181818181818
2020-08-31,YIELD_CURVE,54.57142857142857
2020-09-30,YIELD_CURVE,57.0952380952381
2020-10-31,YIELD_CURVE,68.66666666666667
2020-11-30,YIELD_CURVE,77.89473684210527
2020-12-31,YIELD_CURVE,84.63636363636363
2021-01-31,YIELD_CURVE,99.73684210526315
2021-02-28,YIELD_CURVE,121.52631578947368
2021-03-31,YIELD_CURVE,157.9565217391304
2021-04-30,YIELD_CURVE,161.4090909090909
2021-05-31,YIELD_CURVE,160.3
2021-06-30,YIELD_CURVE,148.31818181818184
2021-07-31,YIELD_CURVE,126.61904761904763
2021-08-31,YIELD_CURVE,122.86363636363637
2021-09-30,YIELD_CURVE,133.2857142857143
2021-10-31,YIELD_CURVE,153.05
2021-11-30,YIELD_CURVE,150.8
2021-12-31,YIELD_CURVE,140.63636363636363
2022-01-31,YIELD_CURVE,161.85
2022-02-28,YIELD_CURVE,161.94736842105263
2022-03-31,YIELD_CURVE,168.04347826086956
2022-04-30,YIELD_CURVE,198.4
2022-05-31,YIELD_CURVE,190.52380952380955
2022-06-30,YIELD_CURVE,160.47619047619048
2022-07-31,YIELD_CURVE,59.79999999999998
2022-08-31,YIELD_CURVE,17.60869565217389
2022-09-30,YIELD_CURVE,29.714285714285758
2022-10-31,YIELD_CURVE,11.100000000000021
2022-11-30,YIELD_CURVE,-43.20000000000008
2022-12-31,YIELD_CURVE,-74.19047619047623
2023-01-31,YIELD_CURVE,-115.60000000000001
2023-02-28,YIELD_CURVE,-104.10526315789474
2023-03-31,YIELD_CURVE,-119.56521739130434
2023-04-30,YIELD_CURVE,-161.35000000000002
2023-05-31,YIELD_CURVE,-173.4545454545455
2023-06-30,YIELD_CURVE,-166.7619047619047
2023-07-31,YIELD_CURVE,-158.90000000000003
2023-08-31,YIELD_CURVE,-139.1304347826087
2023-09-30,YIELD_CURVE,-117.65000000000008
2023-10-31,YIELD_CURVE,-80.66666666666666
2023-11-30,YIELD_CURVE,-102.00000000000004
2023-12-31,YIELD_CURVE,-142.19999999999996
2024-01-31,YIELD_CURVE,-139.5714285714285
2024-02-29,YIELD_CURVE,-123.29999999999997
2024-03-31,YIELD_CURVE,-126.00000000000007
2024-04-30,YIELD_CURVE,-90.45454545454552
2024-05-31,YIELD_CURVE,-97.27272727272727
2024-06-30,YIELD_CURVE,-120.1052631578948
2024-07-31,YIELD_CURVE,-118.31818181818177
2024-08-31,YIELD_CURVE,-142.45454545454552
2024-09-30,YIELD_CURVE,-119.84999999999997
2024-10-31,YIELD_CURVE,-62.2727272727273
2024-11-30,YIELD_CURVE,-26.421052631579034
2024-12-31,YIELD_CURVE,0.047619047619118504
2025-01-31,YIELD_CURVE,28.6190476190475
2025-02-28,YIELD_CURVE,11.894736842105225
2025-03-31,YIELD_CURVE,-5.523809523809486
2025-04-30,YIELD_CURVE,-4.3333333333333
2025-05-31,YIELD_CURVE,6.238095238095287
2025-06-30,YIELD_CURVE,-3.7500000000000533
2025-07-31,YIELD_CURVE,-2.045454545454639
2025-08-31,YIELD_CURVE,-4.000000000000092
2025-09-30,YIELD_CURVE,5.476190476190457
2025-10-31,YIELD_CURVE,8.409090909090855
2025-11-30,YIELD_CURVE,15.666666666666584
2025-12-31,YIELD_CURVE,46.36363636363639
2026-01-31,YIELD_CURVE,54.79999999999996
2026-02-28,YIELD_CURVE,43.78947368421051
2026-03-31,YIELD_CURVE,52.68181818181819
2026-04-30,YIELD_CURVE,62.27272727272726
2026-05-31,YIELD_CURVE,80.29411764705885
